Symbol,Name,Last,Change,%Chg,Open,High,Low,Volume,Time
AA,"Alcoa Corp",13,-0.18,-1.37%,12.92,13.13,12.48,10357400,07/31/20
AAN,"Aaron's Inc",52.18,-0.58,-1.10%,52,52.88,50.89,1570000,07/31/20
AAOI,"Applied Optoelect",14.21,0.34,+2.45%,14.07,14.8,13.72,1207000,07/31/20
AAON,"Aaon Inc",59.25,1.01,+1.73%,57.67,59.3,57.67,261000,07/31/20
AAT,"American Assets Trust",27,0.67,+2.54%,26.12,27,25.88,447200,07/31/20
AAWW,"Atlas Air Ww",52.08,0.65,+1.26%,51.14,52.08,50.78,464100,07/31/20
ABCB,"Ameris Bancorp",23.07,-0.29,-1.24%,23.03,23.11,22.44,417500,07/31/20
ABEO,"Abeona Therapeutics",2.85,-0.04,-1.38%,2.88,2.9,2.74,651300,07/31/20
ABG,"Asbury Automotive Group Inc",100.15,-1.43,-1.41%,101.05,102.28,97.88,298200,07/31/20
ABM,"ABM Industries Incorporated",35.9,0.7,+1.99%,34.95,35.95,34.78,1278000,07/31/20
ABR,"Arbor Realty Trust",10.19,0.61,+6.37%,9.96,10.19,9.63,2980100,07/31/20
ABTX,"Allegiance Banc CS",24.39,-0.6,-2.40%,24.88,24.98,23.81,57000,07/31/20
AC,"Associated Capital Group Inc",40.44,1.06,+2.69%,39.66,40.44,39.33,13800,07/31/20
ACA,"Arcosa Inc",42.22,0.13,+0.31%,42.55,42.55,40.44,445900,07/31/20
ACBI,"Atlantic Capital",10,-0.3,-2.91%,10.19,10.29,9.81,73600,07/31/20
ACCO,"Acco Brands Corp",6.52,-0.38,-5.51%,6.8,6.91,6.46,441400,07/31/20
ACEL,"Accel Entertainment Inc.",7.99,-0.36,-4.31%,8.24,8.3,7.91,323700,07/31/20
ACIA,"Acacia Communica",67.98,0.32000000000001,+0.47%,67.69,68.22,67.51,677900,07/31/20
ACIW,"Aci Worldwide Inc",26.79,-0.59,-2.15%,27.25,27.25,26.41,1009500,07/31/20
ACLS,"Axcelis Tech Inc",29.42,0.13,+0.44%,29.32,29.46,28.47,336400,07/31/20
ACNB,"Acnb Corp",20.6,-0.56,-2.65%,21.22,21.5,20.09,26700,07/31/20
ACRE,"Ares Commercial Real Estate Cor",9.13,-0.049999999999999,-0.54%,9.23,9.36,8.9,346800,07/31/20
ACRX,"Acelrx Pharmaceutica",1.09,-0.04,-3.54%,1.1,1.12,1.08,690200,07/31/20
ACTG,"Acacia Res-Acacia",3.96,-0.08,-1.98%,4.02,4.04,3.89,227500,07/31/20
ADC,"Agree Realty Corp",66.97,-0.2,-0.30%,67.07,67.41,65.53,467200,07/31/20
ADES,"Advanced Emissions Solutions Inc",4.16,-0.11,-2.58%,4.26,4.27,4.02,153400,07/31/20
ADMA,"Adma Biologics",3.57,-0.17,-4.55%,3.72,4.13,3.55,15743600,07/31/20
ADNT,"Adient Plc",16.64,-0.53,-3.09%,16.9,17.12,16.08,1040300,07/31/20
ADRO,"Aduro Biotech",2.82,-0.04,-1.40%,2.82,2.84,2.74,222800,07/31/20
ADSW,"Advanced Disposal Services Inc",30.16,0,0.00%,30.19,30.19,30.11,1821400,07/31/20
ADTN,"Adtran Inc",12.42,0.17,+1.39%,12.25,12.45,12.08,309000,07/31/20
ADUS,"Addus Homecare Corp",96.41,-0.69,-0.71%,97.23,97.54,95.02,80300,07/31/20
ADVM,"Adverum Biotechnlgs",16.77,-0.89,-5.04%,17.74,17.74,16.55,1107200,07/31/20
AE,"Adams Resources & Energy",21.17,-0.73,-3.33%,21.5,21.61,21.17,3300,07/31/20
AEGN,"Aegion Corp",15.42,-0.3,-1.91%,15.51,15.73,14.88,124500,07/31/20
AEIS,"Advanced Energy",73.57,1.52,+2.11%,71.9,73.57,70.58,273500,07/31/20
AEL,"American Equity Investment Life",25.45,0.07,+0.28%,25.28,25.58,24.83,446300,07/31/20
AEO,"American Eagle Outfitters",10,-0.21,-2.06%,10.19,10.27,9.97,3536800,07/31/20
AERI,"Aerie Pharmaceuticals",11.56,-0.17,-1.45%,11.79,11.9,11.11,1141500,07/31/20
AFIN,"American Finance Trust Inc Cl A",7.3,-0.1,-1.35%,7.36,7.43,7.09,581300,07/31/20
AFMD,"Affimed N.V.",3.53,-0.17,-4.59%,3.68,3.73,3.45,1061800,07/31/20
AGEN,"Agenus Inc",3.04,-0.1,-3.18%,3.11,3.16,3,1773400,07/31/20
AGFS,"Agrofresh Solutions",2.44,0,0.00%,2.45,2.5,2.42,65100,07/31/20
AGLE,"Aeglea Biothera",6.85,-0.12,-1.72%,6.96,7.01,6.65,194500,07/31/20
AGM,"Federal Agricultural Mortgage Corp",59.51,-0.52,-0.87%,59.23,60.28,58.25,48500,07/31/20
AGRX,"Agile Therap",2.5,-0.05,-1.96%,2.58,2.59,2.4,1279800,07/31/20
AGS,"Playags Inc",3.38,-0.13,-3.70%,3.51,3.51,3.27,270900,07/31/20
AGTC,"Applied Genetic Tech",5.28,-0.04,-0.75%,5.31,5.45,5.07,222300,07/31/20
AGX,"Argan Inc",42.9,0.15,+0.35%,42.78,43.01,41.99,68900,07/31/20
AGYS,"Agilysys Inc",20.96,-0.13,-0.62%,21.03,21.45,20.5,257200,07/31/20
AHCO,"Adapthealth Corp. Cl. A",19.48,-0.009999999999998,-0.05%,19.45,19.52,18.61,457700,07/31/20
AHH,"Armada Hoffler Properties Inc",9.64,-0.17,-1.73%,9.76,9.77,9.27,483600,07/31/20
AI,"Arlington Asset Investment Corp",2.72,-0.2,-6.85%,2.86,2.91,2.72,430500,07/31/20
AIMC,"Altra Indtl Mtn",34.23,-1.79,-4.97%,35.72,36.05,33.61,449500,07/31/20
AIMT,"Aimmune Therap",13.21,-0.83,-5.91%,13.9,13.92,12.78,2216700,07/31/20
AIN,"Albany International Corp",48.08,-0.090000000000003,-0.19%,47.67,48.4,46.31,443200,07/31/20
AIR,"AAR Corp",17.22,0.44,+2.62%,16.73,17.28,16.53,335100,07/31/20
AIT,"Applied Industrial Technologies",63.12,-0.17,-0.27%,62.78,63.32,61.27,171800,07/31/20
AJRD,"Aerojet Rocketdyne Holdings",41.25,0.8,+1.98%,40.09,41.3,39.27,1156900,07/31/20
AJX,"Great Ajax Corp",8.62,0.059999999999999,+0.70%,8.56,8.63,8.37,100400,07/31/20
AKBA,"Akebia Therapeutics",11.17,-0.74,-6.21%,11.91,11.92,11.07,1005000,07/31/20
AKCA,"Akcea Therapeutics Inc",10.84,-0.75,-6.47%,11.57,11.59,10.8,304200,07/31/20
AKR,"Acadia Realty Trust",12.04,-0.23,-1.87%,12.15,12.17,11.58,573900,07/31/20
AKRO,"Akero Therapeutics Inc",35.11,-1.01,-2.80%,36.12,36.22,34.14,390900,07/31/20
AKTS,"Akoustis Technologies Inc",7.94,-0.28,-3.41%,8.25,8.41,7.72,780700,07/31/20
ALBO,"Albireo Pharma Inc",28.26,1.19,+4.40%,27.68,29.22,27.23,274800,07/31/20
ALCO,"Alico Inc",30.18,-1.02,-3.27%,31.15,31.15,29.78,8900,07/31/20
ALE,"Allete Inc",59.3,-0.24,-0.40%,58.93,59.58,58.22,312000,07/31/20
ALEC,"Alector Inc",15.67,-1.11,-6.62%,16.75,16.75,15.44,1395100,07/31/20
ALEX,"Alexander and Baldwin Inc",11.82,-0.12,-1.01%,11.8,11.89,11.34,323300,07/31/20
ALG,"Alamo Group",103.11,-3.31,-3.11%,105.7,105.7,100.4,53900,07/31/20
ALGT,"Allegiant Travel Com",112.03,0.54000000000001,+0.48%,109.99,112.19,108.61,161600,07/31/20
ALLK,"Allakos Inc",75.07,-2.52,-3.25%,77.32,78.4,73.75,219200,07/31/20
ALLO,"Allogene Therapeutics Inc",36.67,-1.45,-3.80%,38.12,38.12,35.82,779400,07/31/20
ALRM,Alarm.com,70.04,0.90000000000001,+1.30%,69.67,70.05,67.89,351500,07/31/20
ALRS,"Alerus Financial Corp",19.38,-0.46,-2.32%,19.68,19.74,18.98,28400,07/31/20
ALSK,"Alaska Commun Sys",2.28,-0.04,-1.72%,2.35,2.35,2.26,300200,07/31/20
ALTA,Altabancorp,18.75,-1.67,-8.18%,19.81,20.75,18.68,105300,07/31/20
ALTG,"Alta Equipment Group Inc.",7.6,0.35,+4.83%,7.21,7.6,7.21,81500,07/31/20
ALTR,"Altair Engineering Inc Cl A",40.3,-0.21,-0.52%,40.36,40.4,39.22,171000,07/31/20
ALX,"Alexander's Inc",251.79,-5.2,-2.02%,256.61,256.61,250,12200,07/31/20
AMAG,"Amag Pharmaceuticals",9.55,-0.32,-3.24%,9.78,9.95,9.41,888400,07/31/20
AMAL,"Amalgamated Bk",11.55,-0.16,-1.37%,11.54,12.12,11.43,43000,07/31/20
AMBA,"Ambarella Inc",45.28,-0.07,-0.15%,45.09,45.45,44.45,295400,07/31/20
AMBC,"Ambac Financial Group",12.8,-0.039999999999999,-0.31%,12.69,12.92,12.47,367200,07/31/20
AMC,"Amc Entertainment Holdings Inc",4.04,-0.08,-1.94%,4.08,4.15,3.95,2592800,07/31/20
AMCX,"Amc Networks Cl A",23.1,-0.34,-1.45%,23.27,23.29,22.21,826400,07/31/20
AMEH,"Apollo Medical Holdings Inc",16.75,-0.55,-3.18%,17.21,17.21,16.61,46100,07/31/20
AMK,"Assetmark Financial Holdings Inc",27.85,0.050000000000001,+0.18%,27.77,28.02,27.15,215700,07/31/20
AMKR,"Amkor Technology",13.59,-0.58,-4.09%,14.17,14.23,13.39,1472100,07/31/20
AMN,"Amn Healthcare Services Inc",54.94,-0.34,-0.62%,55.01,55.51,54.12,446200,07/31/20
AMNB,"American Natl Bksh",21.96,-0.64,-2.83%,22.39,23.1,21.44,19900,07/31/20
AMOT,"Allied Motion Tech",37.7,-0.34999999999999,-0.92%,37.9,38.55,37.13,23800,07/31/20
AMPH,"Amphastar Pharma",20.02,-0.33,-1.62%,20.4,20.53,19.72,283900,07/31/20
AMRC,"Ameresco Inc",27.68,-0.5,-1.77%,28.4,28.4,27.2,215600,07/31/20
AMRK,"A-Mark Precious Meta",24.09,-0.21,-0.86%,24.59,24.59,23.81,12700,07/31/20
AMRS,"Amyris Inc",4.28,-0.1,-2.28%,4.42,4.42,4.14,1394700,07/31/20
AMRX,"Amneal Pharmaceuticals Inc",4.33,-0.03,-0.69%,4.3,4.4,4.28,743800,07/31/20
AMSC,"Amer Superconductor",9.3,-0.029999999999999,-0.32%,9.32,9.51,8.96,163300,07/31/20
AMSF,"Amerisafe Inc",63.46,-0.52,-0.81%,63.65,65.79,57.29,134600,07/31/20
AMSWA,"Amer Software Inc",16.47,0.27,+1.67%,16.15,16.51,16.15,232200,07/31/20
AMTB,"Mercantil Bank Holding Cl A",13.35,0.13,+0.98%,13.22,13.42,13,57500,07/31/20
AMWD,"Amer Woodmark Cp",80.62,-1.48,-1.80%,81.71,82.4,79.28,130300,07/31/20
ANAB,"Anaptysbio Inc",17.96,-0.54,-2.92%,18.88,18.88,17.46,200700,07/31/20
ANDE,"Andersons Inc",14.22,-0.24,-1.66%,14.33,14.59,13.81,181900,07/31/20
ANF,"Abercrombie & Fitch Company",9.63,-0.23,-2.33%,9.84,9.92,9.55,2859300,07/31/20
ANGO,"Angiodynamics Inc",8.26,-0.24,-2.82%,8.47,8.56,8.05,710200,07/31/20
ANH,"Anworth Mortgage Asset Corp",1.81,-0.04,-2.16%,1.82,1.85,1.76,621800,07/31/20
ANIK,"Anika Therapeutics",36.4,-0.77,-2.07%,36.68,37.75,35.33,227700,07/31/20
ANIP,"ANI Pharma Inc",29.61,-0.69,-2.28%,30.15,30.15,28.81,97700,07/31/20
AOSL,"Alpha and Omega Semi",10.89,0.19,+1.78%,10.69,10.92,10.61,65800,07/31/20
APAM,"Artisan Partners Asset Mgmt",36.23,0.45999999999999,+1.29%,36.13,36.5,35.75,508000,07/31/20
APEI,"American Public Eduducation",29.11,-0.56,-1.89%,29.58,29.58,28.89,67000,07/31/20
APG,"Api Group Corp",13.93,-0.040000000000001,-0.29%,13.84,14.06,13.67,892100,07/31/20
APLS,"Apellis Pharmaceuticals Inc",25.89,-2.03,-7.27%,27.5,28.01,25.49,1225600,07/31/20
APLT,"Applied Therapeutics Inc",25.8,0.4,+1.57%,25.45,25.87,24.43,229200,07/31/20
APOG,"Apogee Entrpr Inc",21.59,-0.37,-1.68%,21.7,21.73,21.02,194700,07/31/20
APPF,"Appfolio Cl A",139.22,0.19,+0.14%,140.35,140.89,135,88300,07/31/20
APPN,"Appian Corp Cl A",50.87,-0.17,-0.33%,51.47,51.48,49.55,403400,07/31/20
APPS,"Digital Turbine",13.88,0.52,+3.89%,13.75,14.27,13.22,4086900,07/31/20
APRE,"Aprea Therapeutics Inc",27.43,-0.39,-1.40%,27.61,28.09,27.3,65300,07/31/20
APT,"Alpha Pro Tech",21.77,-0.71,-3.16%,22.89,23.18,21.25,1618400,07/31/20
APTS,"Preferred Apartment Communities",7.23,-0.069999999999999,-0.96%,7.25,7.29,7.07,385100,07/31/20
APTX,"Aptinyx Inc",3.77,-0.17,-4.31%,3.93,3.93,3.75,199500,07/31/20
APYX,"Apyx Medical Corp",4.49,-0.24,-5.07%,4.6,4.72,4.46,103000,07/31/20
AQST,"Aquestive Therapeutics Inc",5.26,-0.08,-1.50%,5.34,5.4,5.11,373100,07/31/20
AQUA,"Evoqua Water Technologies Corp",19.23,-0.3,-1.54%,19.34,19.4,18.64,557200,07/31/20
AR,"Antero Resources Corp",2.96,-0.04,-1.33%,3.01,3.05,2.86,7749200,07/31/20
ARA,"American Renal Associates",6.45,-0.16,-2.42%,6.7,6.7,6.38,59600,07/31/20
ARAV,"Aravive Inc",5.89,-0.26,-4.23%,6.2,6.22,5.7,278700,07/31/20
ARAY,"Accuray Incorporated",2.23,-0.04,-1.76%,2.25,2.26,2.19,433000,07/31/20
ARCB,"Arcbest Corp",30.39,-0.51,-1.65%,31.01,31.15,29.73,224100,07/31/20
ARCH,"Arch Coal Inc",31.02,0.07,+0.23%,30.38,31.07,29.62,343400,07/31/20
ARCT,"Arcturus Therapeutics Ltd",52.23,-2.57,-4.69%,55.53,57.29,49.72,1027400,07/31/20
ARDX,"Ardelyx Inc",5.65,-0.12,-2.08%,5.78,5.78,5.46,777900,07/31/20
ARGO,"Argo Group Intl Hlds",33.51,0.23,+0.69%,33.04,33.52,32.91,285100,07/31/20
ARI,"Apollo Commercial Real Estate",9.3,-0.0099999999999998,-0.11%,9.45,9.92,9.26,2017900,07/31/20
ARL,"American Realty Investors",9.24,-0.2,-2.12%,9.24,9.24,9.24,600,07/31/20
ARLO,"Arlo Technologies Inc",4.22,-0.12,-2.76%,4.36,4.36,4.05,1308400,07/31/20
ARNA,"Arena Pharmaceuticals",61.39,-0.67,-1.08%,62.05,62.28,60.27,438800,07/31/20
ARNC,"Arconic Corp",16.29,0.009999999999998,+0.06%,16.1,16.3,15.51,656800,07/31/20
AROC,"Archrock Inc",6.66,-0.34,-4.86%,6.64,6.75,6.38,1612700,07/31/20
AROW,"Arrow Financial Corp",27.3,-0.34,-1.23%,27.37,27.65,26.85,46500,07/31/20
ARQT,"Arcutis Biotherapeutics Inc",26.7,-0.92,-3.33%,29.08,29.08,26.32,115600,07/31/20
ARR,"Armour Residential R",9.34,-0.040000000000001,-0.43%,9.35,9.45,9.19,865500,07/31/20
ARTNA,"Artesian Res Cp A",35.08,-0.67,-1.87%,35.6,36.01,34.62,37000,07/31/20
ARVN,"Arvinas Inc",31.5,-0.95,-2.93%,32.4,32.4,30.52,339400,07/31/20
ARWR,"Arrowhead Pharma",43.07,-2.38,-5.24%,45.55,45.8,42.62,972500,07/31/20
ASC,"Ardmore Shipping Corp",4.11,-0.16,-3.75%,4.24,4.24,3.99,392100,07/31/20
ASGN,"On Assignment",68.46,-1.93,-2.74%,70.23,70.23,65.91,286800,07/31/20
ASIX,"Advansix Inc",12.45,0.53,+4.45%,12.1,13.47,12.1,439400,07/31/20
ASMB,"Assembly Biosciences",22.2,-0.18,-0.80%,22.34,22.38,21.31,226900,07/31/20
ASPN,"Aspen Aerogels Inc",6.35,-0.27,-4.08%,6.7,6.7,6.08,217100,07/31/20
ASPS,"Altisource Portfolio",13.43,-0.73,-5.16%,14.13,14.22,13.27,46900,07/31/20
ASPU,"Aspen Group Inc",8.8,-0.049999999999999,-0.56%,8.81,8.85,8.61,145300,07/31/20
ASTE,"Astec Inds Inc",44.49,-0.81,-1.79%,45.15,45.54,43.79,118900,07/31/20
ASUR,"Asure Software",6.45,-0.06,-0.92%,6.51,6.51,6.31,93800,07/31/20
AT,"Atlantic Power Corp",1.96,-0.01,-0.51%,1.97,1.98,1.95,289000,07/31/20
ATEC,"Alphatec Holdings",4.97,-0.17,-3.31%,5.08,5.13,4.87,258900,07/31/20
ATEN,"A10 Networks Inc",8.08,-0.13,-1.58%,8.08,8.1,7.66,809800,07/31/20
ATEX,Pdvwireless,43.58,0.43,+1.00%,43.2,43.69,42.64,88200,07/31/20
ATGE,"Adtalem Global Education Inc",34.34,-0.43,-1.24%,34.43,34.7,33.89,444200,07/31/20
ATHX,"Athersys Inc",2.56,-0.03,-1.16%,2.59,2.62,2.53,2142500,07/31/20
ATI,"Allegheny Technologies Inc",8.69,-0.37,-4.08%,8.97,9.11,8.57,2082900,07/31/20
ATKR,"Atkore International Group",26.67,0.35,+1.33%,26.1,26.71,25.9,382600,07/31/20
ATLC,"Atlanticus Hld Cp",8.17,-0.22,-2.62%,8.27,8.33,8.11,5200,07/31/20
ATLO,"Ames Natl Corp",18.5,-0.65,-3.39%,19.01,19.09,18.41,10000,07/31/20
ATNI,"Atn International",57.63,-2.05,-3.43%,59.5,59.5,55.06,61800,07/31/20
ATNX,"Athenex Inc",10.61,-0.29,-2.66%,10.94,10.94,10.4,350100,07/31/20
ATOM,"Atomera Inc",10.64,-0.68,-6.01%,11.5,11.85,10.52,817100,07/31/20
ATRA,"Atara Biotherap",12.39,-0.64,-4.91%,13.01,13.11,11.62,1038000,07/31/20
ATRC,"Atricure Inc",40.81,-1.47,-3.48%,42.02,42.22,40.18,318500,07/31/20
ATRI,"Atrion Corp",620.1,-2.4499999999999,-0.39%,622.5,623.99,617.3,13300,07/31/20
ATRO,"Astronics Cp",8.7,0.059999999999999,+0.69%,8.64,8.92,8.12,265900,07/31/20
ATRS,"Antares Pharma",2.61,-0.07,-2.61%,2.66,2.68,2.56,969800,07/31/20
ATSG,"Air Transport",24.37,0.15,+0.62%,24.24,24.38,23.93,499300,07/31/20
ATXI,"Avenue Therapeutics Inc",10.13,-0.34,-3.25%,10.4,10.57,10.1,42600,07/31/20
AUB,"Atlantic Union Bancshares Corp",22.57,-0.35,-1.53%,22.59,22.81,22.05,310200,07/31/20
AUBN,"Auburn Natl Bncp",45.5,-2.15,-4.51%,45.5,45.5,45.5,1300,07/31/20
AVA,"Avista Corp",37.13,-0.18,-0.48%,37.03,37.33,36.12,340000,07/31/20
AVAV,"Aerovironment Inc",76.55,-0.60000000000001,-0.78%,76.96,77.04,75.02,137200,07/31/20
AVCO,"Avalon Globocare",1.62,-0.02,-1.22%,1.71,1.71,1.61,121600,07/31/20
AVD,"American Vanguard Corp",13.46,-0.09,-0.66%,13.42,13.49,13.03,88500,07/31/20
AVEO,"Aveo Pharmaceuticals",4.26,-0.19,-4.27%,4.49,4.49,4.13,400200,07/31/20
AVID,"Avid Tech Inc",8.23,0.0099999999999998,+0.12%,8.26,8.28,8.12,308000,07/31/20
AVNS,"Avanos Medical Inc",30.67,-1.19,-3.74%,31.73,31.77,30.42,469300,07/31/20
AVNT,"Avient Corp.",23.9,-0.27,-1.12%,24.02,24.02,23.22,531000,07/31/20
AVRO,"Avrobio Inc",16.95,-1.07,-5.94%,17.97,17.99,16.9,202900,07/31/20
AVXL,"Anavex Lf SC",4.22,-0.25,-5.59%,4.45,4.48,4.18,662300,07/31/20
AVYA,"Avaya Holdings Corp",12.66,0.19,+1.52%,12.55,12.68,12.23,941500,07/31/20
AWH,"Aspira Womans Health Inc.",4.47,-0.02,-0.45%,4.51,4.51,4.24,452900,07/31/20
AWR,"American States Water Company",76.88,-1.45,-1.85%,77.99,78.95,76.52,719200,07/31/20
AX,"Axos Financial Inc",22.41,-0.16,-0.71%,22.21,22.44,21.66,440400,07/31/20
AXDX,"Accelerate Diagnosti",14.53,-0.45,-3.00%,15.06,15.39,14.2,163700,07/31/20
AXGN,"Axogen Inc",11.37,-0.030000000000001,-0.26%,11.43,11.49,11.23,309700,07/31/20
AXL,"American Axle & Manufacturing",7.06,-0.03,-0.42%,7.16,7.22,6.39,3356600,07/31/20
AXLA,"Axcella Health Inc",4.49,-0.12,-2.60%,4.75,4.8,4.43,197000,07/31/20
AXNX,"Axonics Modulation Technologies Inc",42.36,-0.009999999999998,-0.02%,42.24,42.73,40.86,470600,07/31/20
AXSM,"Axsome Thera",71.33,-3.27,-4.38%,74.54,75.19,71.27,424100,07/31/20
AXTI,"Axt Inc",4.79,0.1,+2.13%,4.7,4.85,4.66,417800,07/31/20
AYTU,"Aytu Bioscience Inc",1.39,0.02,+1.46%,1.36,1.49,1.35,5122500,07/31/20
AZZ,"Azz Inc",31.58,-0.46,-1.44%,31.71,31.99,30.91,163500,07/31/20
B,"Barnes Group",36.87,-0.23,-0.62%,36.59,36.9,35.63,216400,07/31/20
BANC,"First Pactrust Bancorp",10.72,-0.22,-2.01%,10.76,10.93,10.36,250500,07/31/20
BAND,"Bandwidth Inc",144.78,-4.21,-2.83%,152.67,156.99,140.67,878700,07/31/20
BANF,"Bancfirst Corp",43.56,-2.58,-5.59%,45.8,46.37,42.8,3935500,07/31/20
BANR,"Banner Corp",35.43,-0.29,-0.81%,35.43,35.45,34.46,174900,07/31/20
BATRA,"Liberty Braves CS A",18.91,-0.35,-1.82%,19.05,19.1,18.42,89400,07/31/20
BATRK,"Liberty Braves CS C",18.65,-0.35,-1.84%,18.77,18.88,18.2,252300,07/31/20
BBBY,"Bed Bath & Beyond",10.82,-0.14,-1.28%,11.07,11.14,10.5,8843600,07/31/20
BBCP,"Concrete Pumping Holdings Inc",3.74,-0.14,-3.61%,3.88,3.88,3.6,42200,07/31/20
BBIO,"Bridgebio Pharma Inc",28.14,-1.57,-5.28%,29.76,29.9,26.75,1003400,07/31/20
BBSI,"Barrett Business S",52.68,-0.32,-0.60%,53,53.11,51.74,63700,07/31/20
BBX,"Bbx Capital Corp",13.92,-0.62,-4.26%,14.07,14.08,13.57,33800,07/31/20
BCBP,"Bcb Bancorp Inc",8.05,0.010000000000002,+0.12%,8.01,8.09,7.87,73700,07/31/20
BCC,"Boise Cascade L.L.C.",46.59,-0.15,-0.32%,46.57,47.01,45.45,526900,07/31/20
BCEI,"Bonanza Creek Energy Inc",18.19,0.19,+1.06%,17.94,18.21,17.74,218800,07/31/20
BCEL,"Atreca Inc Cl A",12.95,-0.24,-1.82%,13.26,13.27,12.54,337500,07/31/20
BCLI,"Brainstorm Cell",13.55,-0.68,-4.78%,14.07,14.47,13.1,689700,07/31/20
BCML,"Bay Commercial Bk CA",10.28,-0.82,-7.39%,10.99,11.1,10.24,34100,07/31/20
BCO,"Brink's Company",44.35,-1.94,-4.19%,45.62,46.35,43.06,935700,07/31/20
BCOR,"Blucora Inc",11.79,-0.16,-1.34%,11.9,11.9,11.41,261700,07/31/20
BCOV,"Brightcove Inc",10.58,0.27,+2.62%,10.39,10.7,10.37,214100,07/31/20
BCPC,"Balchem Cp",100.26,3.02,+3.11%,99.09,100.97,97.44,297600,07/31/20
BCRX,"Biocryst Pharma Inc",4.07,-0.15,-3.55%,4.22,4.28,4.02,6036400,07/31/20
BDC,"Belden Inc",31.6,-0.87,-2.68%,32.13,32.33,30.83,393400,07/31/20
BDGE,"Bridge Bancorp Inc",18.09,-0.14,-0.77%,18.12,18.36,17.75,174800,07/31/20
BDSI,"Biodelivery Sci Intl",4.19,0.02,+0.48%,4.19,4.23,4.06,742000,07/31/20
BDTX,"Black Diamond Therapeutics Inc",27.82,-1.03,-3.57%,29.4,29.63,26.5,218900,07/31/20
BE,"Bloom Energy Corp Cl A",12.16,-0.42,-3.34%,12.66,12.75,11.63,4038200,07/31/20
BEAM,"Beam Therapeutics Inc",19.34,-1.03,-5.06%,20.5,20.96,19.05,289300,07/31/20
BEAT,"Biotelemetry Inc",42.56,-2.75,-6.07%,45.76,46.12,40.72,1022200,07/31/20
BECN,"Beacon Roofing Suppl",31.16,0.62,+2.03%,30.3,31.19,30.3,576000,07/31/20
BELFB,"Bel Fuse Inc Cl B",12.2,-0.1,-0.81%,13.39,13.79,12.06,121600,07/31/20
BFC,"Bank First National Corp [Wisconsin]",62.21,-1.59,-2.49%,63.26,63.29,62.21,5300,07/31/20
BFIN,"Bankfinancial Corp",7.29,-0.32,-4.20%,7.52,7.66,7.27,28200,07/31/20
BFS,"Saul Centers",30.71,-0.28,-0.90%,30.7,30.71,29.05,108300,07/31/20
BFST,"Business First Bancshares Inc",13.64,0.09,+0.66%,13.51,13.8,13.44,30000,07/31/20
BFYT,"Benefytt Technologies Inc.",30.92,0.040000000000003,+0.13%,30.89,30.95,30.88,190300,07/31/20
BGCP,"Bgc Partners Cl A",2.77,0.01,+0.36%,2.73,2.78,2.61,5228100,07/31/20
BGS,"B&G Foods Holdings",28.91,1.32,+4.78%,28.5,29.65,28.25,2325000,07/31/20
BGSF,"Bg Staffing",9.08,-0.35,-3.71%,9.47,9.47,9.04,76100,07/31/20
BH,"Biglari Holdings Inc",64.93,0.21000000000001,+0.32%,64.65,66.12,63.5,5500,07/31/20
BHB,"Bar Harbor Bankshares",19.88,-0.59,-2.88%,20.17,20.37,19.64,45000,07/31/20
BHE,"Benchmark Electronics",20.36,0.07,+0.34%,20.09,20.54,20.01,294000,07/31/20
BHLB,"Berkshire Hills Bancorp",9.96,0.2,+2.05%,9.77,9.96,9.51,748300,07/31/20
BHVN,"Biohaven Pharmaceutical Holding Company Ltd",64.04,-0.20999999999999,-0.33%,64.24,64.79,62.4,537000,07/31/20
BIG,"Big Lots",39.34,-0.41999999999999,-1.06%,39.68,39.69,38.59,879200,07/31/20
BIPC,"Brookfield Infrastructure Partners LP Cl A",45.64,0.27,+0.60%,45,45.66,44.7,172100,07/31/20
BJ,"Bj's Wholesale Club Holdings Inc",40.05,-0.44,-1.09%,40.4,40.62,39.45,1550500,07/31/20
BJRI,"Bj's Restaurants Inc",20.06,-0.54,-2.62%,20.43,20.51,19.43,563400,07/31/20
BKD,"Brookdale Senior Living Inc",2.77,-0.19,-6.42%,2.95,2.97,2.76,1275900,07/31/20
BKE,"Buckle Inc",16.03,-0.23,-1.41%,16.26,16.35,15.93,832100,07/31/20
BKH,"Black Hills Corp",57.86,-1.58,-2.66%,59.04,59.33,57.48,2168300,07/31/20
BKU,"BankUnited Inc",20.14,-0.52,-2.52%,20.44,20.49,19.61,1106700,07/31/20
BL,"Blackline Inc",88.91,0.34,+0.38%,89.51,89.51,86.61,325900,07/31/20
BLBD,"Blue Bird Corp",12.53,-0.38,-2.94%,12.83,12.83,12.25,64400,07/31/20
BLD,"Topbuild Corp",131.92,-2.39,-1.78%,132.92,134.1,128.78,315200,07/31/20
BLDR,"Builders Firstsource",23.69,0.26,+1.11%,25.46,26,22.62,2598900,07/31/20
BLFS,"Biolife Solutions",19.33,-0.040000000000003,-0.21%,19.45,19.85,19.14,180900,07/31/20
BLKB,"Blackbaud Inc",62.54,-2.38,-3.67%,64.42,64.81,61.4,589900,07/31/20
BLMN,"Bloomin' Brands Inc",11.52,-0.25,-2.12%,11.65,11.69,11.37,2338000,07/31/20
BLPH,"Bellerophon Ther Com",12.84,-0.31,-2.36%,13.15,13.22,12.64,71200,07/31/20
BLX,"Banco Latinoamericano DE Comercio",11.67,-0.13,-1.10%,11.8,11.8,11.38,141300,07/31/20
BMCH,"Bmc Stock Holdings",25.6,-0.02,-0.08%,25.49,26.25,24.82,628500,07/31/20
BMI,"Badger Meter",62.6,-1.12,-1.76%,63.67,63.67,61.4,192800,07/31/20
BMRC,"Bank of Marin Bancrp",31.41,-0.34,-1.07%,31.42,31.62,30.99,44100,07/31/20
BMTC,"Bryn Mawr Bank Corp",26.04,-0.75,-2.80%,26.42,26.52,25.6,64600,07/31/20
BNFT,Benefitfocus,11.71,1.07,+10.06%,10.67,11.8,10.53,1208200,07/31/20
BOCH,"Bank of Commerce Hld",7.55,-0.13,-1.69%,7.61,7.72,7.51,29200,07/31/20
BOMN,"Boston Omaha Corp Cl A",15.9,0.030000000000001,+0.19%,15.9,15.99,15.52,102200,07/31/20
BOOM,"Dynamic Materials",29.38,-0.4,-1.34%,29.4,29.79,28.71,150700,07/31/20
BOOT,"Boot Barn Holdings Inc",19.36,0.25,+1.31%,19.1,19.69,19,798700,07/31/20
BOX,"Box Inc",17.95,0.37,+2.10%,17.77,17.95,17.27,1647100,07/31/20
BPFH,"Boston Pvt Finl Hld",5.88,-0.03,-0.51%,5.87,5.9,5.66,663500,07/31/20
BPMC,"Blueprint Medicines Corp",73.18,-0.70999999999999,-0.96%,74,75.52,72.65,420300,07/31/20
BPRN,"Bank of Princeton",17.99,-0.07,-0.39%,18.1,18.34,17.7,7200,07/31/20
BRBR,"Bellring Brands Inc Cl A",19.87,0.37,+1.90%,19.41,19.92,19.36,354800,07/31/20
BRC,"Brady Corp",45.97,0.039999999999999,+0.09%,45.5,46.05,45.14,415500,07/31/20
BREW,"Craft Brew Alliance",14.81,-0.12,-0.80%,14.92,14.93,14.61,79100,07/31/20
BRG,"Bluerock Residential Growth Rei",7.24,-0.42,-5.48%,7.53,7.7,7.09,250000,07/31/20
BRID,"Bridgford Foods Cp",16.1,-0.4,-2.42%,16.5,16.8,16.03,1700,07/31/20
BRKL,"Brookline Bancorp",9.59,-0.12,-1.24%,9.62,9.66,9.27,476800,07/31/20
BRKS,"Brooks Automation",54.45,7.14,+15.09%,50,54.53,49.01,1209900,07/31/20
BRMK,"Broadmark Realty Capital Inc",9.22,-0.0099999999999998,-0.11%,9.15,9.22,8.91,546600,07/31/20
BRP,"Brp Group Inc Cl A",17.45,0.66,+3.93%,16.77,17.59,16.34,246300,07/31/20
BRT,"BRT Realty Trust",10.32,-0.21,-1.99%,10.43,10.43,10.04,47200,07/31/20
BRY,"Berry Pete Corp",4.7,-0.21,-4.28%,4.85,4.9,4.61,280700,07/31/20
BSBK,"Bogota Financial Corp",7.89,-0.010000000000001,-0.13%,7.97,7.97,7.85,8100,07/31/20
BSGM,"Biosig Technologies",9.02,-0.030000000000001,-0.33%,9.27,9.35,8.43,1278400,07/31/20
BSIG,"Brightsphere Investment Group Plc",13.44,-0.32,-2.33%,13.69,13.69,12.35,1358500,07/31/20
BSRR,"Sierra Bancorp",17.58,-0.2,-1.12%,17.56,17.8,17.23,54100,07/31/20
BSTC,"Biospecifics Tech Cp",62.66,-0.69,-1.09%,63,65.53,61.51,35800,07/31/20
BSVN,"Bank7 Corp",9.91,0.02,+0.20%,9.91,10.34,9.87,3700,07/31/20
BTAI,"Bioxcel Therapeutics Inc",45.36,-3.11,-6.42%,48.58,49.4,44.28,1300600,07/31/20
BTU,"Peabody Energy Corp",3.12,-0.08,-2.50%,3.14,3.18,2.96,1090100,07/31/20
BUSE,"First Busey Corp",17.1,-0.41,-2.34%,17.42,17.42,16.69,193500,07/31/20
BV,"Brightview Holdings Inc",12.12,-0.030000000000001,-0.25%,12.05,12.14,11.71,294500,07/31/20
BWB,"Bridgewater Bancshares Inc",9.29,0.059999999999999,+0.65%,9.17,9.33,9.1,67500,07/31/20
BWFG,"Bankwell Financial",14.9,-0.6,-3.87%,15.35,15.63,14.9,8200,07/31/20
BXG,"Bluegreen Vacations Corp",7.2,-0.09,-1.23%,7.5,7.52,7.02,149100,07/31/20
BXMT,"Blackstone Mortgage Trust Inc Cl A",24.07,-0.12,-0.50%,24.07,24.28,23.53,1077000,07/31/20
BXS,"Bancorpsouth Inc",20.93,-0.48,-2.24%,21.24,21.28,20.51,449800,07/31/20
BY,"Byline Bancorp Inc",12.96,-0.48,-3.57%,13.92,13.92,12.91,105100,07/31/20
BYD,"Boyd Gaming Corp",23.67,-0.71,-2.91%,24.14,24.18,23.19,1770500,07/31/20
BYSI,"Beyondspring Inc",11.03,-0.67,-5.73%,11.72,11.74,10.96,104700,07/31/20
BZH,"Beazer Homes USA",11.19,-0.1,-0.89%,11.8,11.97,10.73,981100,07/31/20
CABA,"Cabaletta Bio Inc",11.43,0.029999999999999,+0.26%,11.33,11.65,11,108300,07/31/20
CAC,"Camden Natl Cp",31.69,-0.36,-1.12%,31.84,31.93,31.04,70800,07/31/20
CADE,"Cadence Bancorp Cl A",7.81,-0.16,-2.01%,7.93,7.98,7.65,1017600,07/31/20
CAI,"Cai International",17.21,-0.66,-3.69%,17.62,17.77,16.72,62600,07/31/20
CAKE,"Cheesecake Fact",24,-1.44,-5.66%,25.47,25.73,23.67,2115700,07/31/20
CAL,"Caleres Inc",6.31,-0.27,-4.10%,6.5,6.66,6.26,635300,07/31/20
CALA,"Calithera Biosci Com",4.7,-0.16,-3.29%,4.86,4.87,4.65,531700,07/31/20
CALB,"California Bancorp",13.11,-0.58,-4.24%,13.53,13.59,12.59,22400,07/31/20
CALM,"Cal-Maine Foods IN",43.94,-0.22,-0.50%,44.5,44.79,43.26,441700,07/31/20
CALX,"Calix Inc",20.51,-0.74,-3.48%,21.5,21.58,20.13,1038600,07/31/20
CAMP,"Calamp Corp",7.88,-0.0099999999999998,-0.13%,7.88,7.9,7.63,249300,07/31/20
CAR,"Avis Budget Group",25.9,-0.64,-2.41%,26.57,26.73,25.17,4349700,07/31/20
CARA,"Cara Therapeutics",16.44,-0.51,-3.01%,17,17,16.21,299000,07/31/20
CARE,"Carter Bank&Tr [Va]",7.05,-0.14,-1.95%,7.25,7.25,6.95,95100,07/31/20
CARG,"Cargurus Inc Cl A",28.89,0.96,+3.44%,28.09,28.95,27.55,1329900,07/31/20
CARS,"Cars.com Inc",8.12,-0.2,-2.40%,8.31,8.37,7.77,2358600,07/31/20
CASA,"Casa Systems Inc",5.61,-0.0099999999999998,-0.18%,5.19,5.65,5.01,512200,07/31/20
CASH,"Meta Financial Group",18.66,-0.050000000000001,-0.27%,18.59,18.84,18,183100,07/31/20
CASI,"Casi Phrmactcls Inc",1.93,-0.1,-4.93%,2.04,2.04,1.92,567800,07/31/20
CASS,"Cass Information Sys",35.83,-0.51000000000001,-1.40%,36.14,36.34,35.19,57300,07/31/20
CATB,"Catabasis Pharma",5.78,-0.12,-2.03%,5.85,5.93,5.63,147200,07/31/20
CATC,"Cambridge Bancorp",54.19,-0.31,-0.57%,53.47,54.42,52.8,35800,07/31/20
CATM,"Cardtronics Inc",22.33,-0.71,-3.08%,22.98,23.02,21.91,468800,07/31/20
CATO,"Cato Corp",7.19,-0.15,-2.04%,7.27,7.3,7.03,313800,07/31/20
CATY,"Cathay Genl Bncp",24.18,-0.41,-1.67%,24.4,24.55,23.79,372200,07/31/20
CBAN,"Colony Bankcorp Inc",10.67,-0.040000000000001,-0.37%,10.79,12,10.63,12600,07/31/20
CBAY,"Cymabay Therapeutics",3.55,0.05,+1.43%,3.85,3.87,3.47,4631700,07/31/20
CBB,"Cincinnati Bell Inc",15.01,0.12,+0.81%,14.9,15.01,14.9,478100,07/31/20
CBFV,"Cb Financial Svc",17.3,0.85,+5.17%,16.79,17.52,16.79,25800,07/31/20
CBIO,"Catalyst Bio",5.11,-0.23,-4.31%,5.3,5.35,4.9,522500,07/31/20
CBMG,"Cellular Biomedicine",13.17,-0.09,-0.68%,13.21,13.43,12.95,94500,07/31/20
CBNK,"Capital Bancorp Inc",10.62,-0.2,-1.85%,10.63,10.63,10.62,4300,07/31/20
CBRL,"Cracker Barrel",110.47,-2.05,-1.82%,112.89,112.89,108.9,306200,07/31/20
CBTX,"Cbtx Inc",15.79,-0.78,-4.71%,16.37,17.21,13.82,85100,07/31/20
CBU,"Community Bank System",56.23,-2.11,-3.62%,57.9,58.14,56.01,1308000,07/31/20
CBZ,"Cbiz Inc",24.18,0.96,+4.13%,23.02,24.23,22.95,483800,07/31/20
CCB,"Coastal Financial Corp",13.37,-0.030000000000001,-0.22%,13.26,14.65,13.25,18400,07/31/20
CCBG,"Capital City Bank Gr",18.83,-0.28,-1.47%,19.02,19.13,18.61,43600,07/31/20
CCF,"Chase Corp",100.56,-7.17,-6.66%,106.09,106.09,99.26,31500,07/31/20
CCMP,"Cabot Microelectron",150.72,-4.26,-2.75%,155.01,155.96,148.63,230500,07/31/20
CCNE,"Cnb Financial Corp",16.33,-0.36,-2.16%,16.5,16.65,15.78,50700,07/31/20
CCOI,"Cogent Comm Hlds",90.11,1.37,+1.54%,88.97,90.22,88.67,482200,07/31/20
CCRN,"Cross Ctry Hlthcr",6.48,-0.18,-2.70%,6.62,6.66,6.36,224100,07/31/20
CCS,"Century Communities Inc",35.62,-0.86,-2.36%,36.52,36.55,34.5,804300,07/31/20
CCXI,"Chemocentryx Inc",52.71,-2.1,-3.83%,54.81,55,51.15,496000,07/31/20
CDE,"Coeur Mining Inc",7.93,0.05,+0.63%,8.07,8.13,7.71,8149900,07/31/20
CDLX,"Cardlytics Inc",66.42,0.22,+0.33%,66.9,67.99,65.51,425300,07/31/20
CDMO,"Avid Bioservices Inc",7.42,0.16,+2.20%,7.2,7.45,7.12,493000,07/31/20
CDNA,"Caredx Inc",33.35,0.07,+0.21%,33.46,33.57,32.95,538100,07/31/20
CDTX,"Cidara Thera",3.65,-0.16,-4.20%,3.8,3.81,3.59,210200,07/31/20
CDXC,"Chromadex Corp CS",5.06,-0.19,-3.62%,5.23,5.26,4.98,302300,07/31/20
CDXS,"Codexis Inc",11.83,0.11,+0.94%,11.71,11.86,11.46,327200,07/31/20
CDZI,"Cadiz Inc",10.62,0.08,+0.76%,10.5,10.76,10.49,164400,07/31/20
CECE,"C E C O Envir",6.7,-0.31,-4.42%,6.92,7.01,6.62,91200,07/31/20
CEIX,"Consol Energy Inc",5.88,-0.04,-0.68%,5.88,5.92,5.5,343000,07/31/20
CELH,"Celsius Holdings Inc",14.67,-0.050000000000001,-0.34%,14.98,15.06,14.29,501900,07/31/20
CEMI,"Chembio Diagnostics",5.53,0.17,+3.17%,5.3,5.83,5.12,10468000,07/31/20
CENT,"Central Garden",37.86,-0.99,-2.55%,38.62,38.98,36.92,88000,07/31/20
CENTA,"Central Garden & Pet",34.65,-0.6,-1.70%,35.31,35.5,33.68,285700,07/31/20
CENX,"Century Aluminum C",8.71,1.03,+13.41%,7.64,8.74,7.6,5059500,07/31/20
CERC,"Cerecor Inc",2.73,-0.06,-2.15%,2.88,2.88,2.65,687100,07/31/20
CERS,"Cerus Corp",7.13,-0.06,-0.83%,7.04,7.19,6.96,1306500,07/31/20
CETV,"Central EUR Med A",3.98,0.04,+1.02%,3.93,3.99,3.9,218900,07/31/20
CEVA,"Ceva Inc",40.2,0.27,+0.68%,40.23,40.32,39.22,157800,07/31/20
CFB,"Crossfirst Bankshares Inc",9.17,-0.61,-6.24%,9.68,9.68,9.06,100400,07/31/20
CFFI,"C&F Financial Corp",29.35,-0.76,-2.52%,30.34,30.59,29.35,6900,07/31/20
CFFN,"Capitol Fed Finl Inc",9.65,-0.13,-1.33%,9.72,9.83,9.47,668500,07/31/20
CFRX,Contrafect,5.56,-0.18,-3.14%,5.8,5.8,5.47,207000,07/31/20
CHCO,"City Holding Company",62.46,-1.25,-1.96%,63.54,63.54,60.91,99800,07/31/20
CHCT,"Community Healthcare Trust Inc",45.73,0.13,+0.29%,45.36,45.78,43.96,120100,07/31/20
CHDN,"Churchill Downs IN",138.52,-0.54999999999998,-0.40%,134.72,138.98,134.63,491800,07/31/20
CHEF,"The Chefs Warehouse",11.53,-1,-7.98%,12.41,12.6,11.2,2325700,07/31/20
CHMA,"Chiasma Inc",4.37,-0.02,-0.46%,4.46,4.46,4.26,359200,07/31/20
CHMG,"Chemung Financial Cp",27.01,-1.04,-3.71%,28.25,28.25,27.01,9000,07/31/20
CHMI,"Cherry Hill Mortgage Investmen",9.23,-0.12,-1.28%,9.25,9.6,9.04,370800,07/31/20
CHRS,"Coherus Bio",17.59,-0.56,-3.09%,18.08,18.3,17.16,1053100,07/31/20
CHS,"Chico's Fas",1.27,-0.09,-6.62%,1.35,1.37,1.25,1824100,07/31/20
CHUY,"Chuy's Holdings Inc",15.91,-0.4,-2.45%,16.29,16.37,15.67,204900,07/31/20
CHX,"Championx Corp.",9.51,-0.27,-2.76%,9.55,9.8,9.46,1973900,07/31/20
CIA,"Citizens Inc",5.74,-0.16,-2.71%,5.84,5.9,5.62,144200,07/31/20
CIM,"Chimera Investment Corp",8.99,-0.1,-1.10%,9.19,9.19,8.86,3699000,07/31/20
CIO,"City Office REIT Inc",8.65,-0.47,-5.15%,9,9.01,8.55,390500,07/31/20
CIR,"Circor International",26.22,-1.95,-6.92%,27.88,28.05,25.74,253100,07/31/20
CIT,"Cit Group Inc",18.97,0.029999999999998,+0.16%,18.71,18.99,18.16,2338400,07/31/20
CIVB,"Civista Bncshrs",13.13,-0.31,-2.31%,13.27,13.27,12.68,44900,07/31/20
CIZN,"Citizens Hld Company",21.56,-0.84,-3.75%,21.49,21.98,21.49,4300,07/31/20
CKH,"Seacor Smit Inc",29.08,0.23,+0.80%,28.5,29.16,27.96,74200,07/31/20
CKPT,"Checkpoint Therapeutics Inc",2.25,-0.09,-3.85%,2.32,2.34,2.2,322300,07/31/20
CLAR,"Clarus Corp",11.98,0.050000000000001,+0.42%,11.95,12.01,11.76,143400,07/31/20
CLBK,"Columbia Financial Inc",12.03,-0.49,-3.91%,12.44,12.81,12,169000,07/31/20
CLCT,"Collectors Universe",38.06,-0.79,-2.03%,38.88,39.3,37.55,79700,07/31/20
CLDR,"Cloudera Inc",11.27,-0.09,-0.79%,11.41,11.42,10.99,3848500,07/31/20
CLDT,"Chatham Lodging Trust [Reit]",5.21,-0.23,-4.23%,5.36,5.36,5.08,485900,07/31/20
CLF,"Cleveland-Cliffs Inc",5.18,-0.49,-8.64%,5.48,5.53,5.16,14832500,07/31/20
CLFD,"Clearfield Inc",18.64,-0.24,-1.27%,19,19,17.9,51100,07/31/20
CLI,"Mack-Cali Realty Corp",14.42,0.15,+1.05%,14.16,14.42,13.86,769000,07/31/20
CLNC,"Colony Northstar Credit Real Estate Inc Class",6.3,-0.3,-4.55%,6.51,6.6,6.1,456700,07/31/20
CLNE,"Clean Energy Fuels",2.38,-0.08,-3.25%,2.43,2.45,2.34,1023900,07/31/20
CLNY,"Colony Capital Inc",1.92,-0.05,-2.54%,1.95,2,1.86,4082900,07/31/20
CLPR,"Clipper Realty Inc",6.68,-0.23,-3.33%,7.01,7.01,6.49,38500,07/31/20
CLVS,"Clovis Oncology Inc",5.79,-0.35,-5.70%,6.1,6.14,5.77,5330100,07/31/20
CLW,"Clearwater Paper Corp",36.92,-0.98999999999999,-2.61%,37.91,37.91,36.07,147700,07/31/20
CLXT,"Calyxt Inc",4.41,-0.2,-4.34%,4.59,4.63,4.35,41000,07/31/20
CMBM,"Cambium Networks Corp",12.1,-0.050000000000001,-0.41%,12.2,12.24,11.86,50200,07/31/20
CMC,"Commercial Metals Company",20.68,-0.22,-1.05%,21,21.16,20.48,1326900,07/31/20
CMCL,"Caledonia Mining Cp",22.93,-0.29,-1.25%,23.9,24.2,21.37,275000,07/31/20
CMCO,"Columbus Mckinnon",33.13,-0.009999999999998,-0.03%,34.05,34.05,32.08,86800,07/31/20
CMCT,"Cim Commercial TR Cp",10.2,-0.17,-1.64%,10.21,10.58,10.2,10900,07/31/20
CMD,"Cantel Medical",47.25,-1.85,-3.77%,48.6,49.15,46.16,355800,07/31/20
CMO,"Capstead Mortgage Corp",6.15,-0.0099999999999998,-0.16%,6.14,6.47,6.01,745900,07/31/20
CMP,"Compass Minerals Intl Inc",50.94,-0.47,-0.91%,51.19,51.19,50,232700,07/31/20
CMPR,"Cimpress N.V. Ord",100,-2.66,-2.59%,101.04,103.32,95.78,299300,07/31/20
CMRE,"Costamare Inc",4.55,-0.23,-4.81%,4.79,4.79,4.5,834300,07/31/20
CMRX,"Chimerix Inc",3.11,-0.11,-3.42%,3.19,3.25,3.06,309100,07/31/20
CMTL,"Comtech Telecom Company",16.42,0.090000000000003,+0.55%,16.15,16.45,15.94,231200,07/31/20
CNBKA,"Century Bancorp Inc",69.64,-1.18,-1.67%,70.59,71.93,68.72,13200,07/31/20
CNCE,"Concert Pharmaceutic",9.27,0.049999999999999,+0.54%,9.2,9.49,8.93,202200,07/31/20
CNDT,"Conduent Inc",1.91,-0.07,-3.54%,1.99,2,1.89,1833800,07/31/20
CNK,"Cinemark Holdings Inc",11.83,-0.039999999999999,-0.34%,11.91,11.91,11.35,2570300,07/31/20
CNMD,"C O N M E D Cp",82.54,-4.8,-5.50%,87.38,88.08,80.99,417800,07/31/20
CNNE,"Cannae Holdings Inc",37.68,-0.69,-1.80%,38.3,38.4,36.94,393800,07/31/20
CNO,"Cno Financial Group",15.1,0.02,+0.13%,15.01,15.12,14.72,886500,07/31/20
CNOB,"Connectone Bancorp",13.79,-0.4,-2.82%,14.13,14.18,13.53,131100,07/31/20
CNR,"Cornerstone Building Brands Inc",5.67,-0.08,-1.39%,5.71,5.78,5.53,403700,07/31/20
CNS,"Cohn & Steers Inc",60.18,-1.03,-1.68%,61.11,61.19,59.64,221200,07/31/20
CNSL,"Consolidated Communications Holdings Inc",7.3,-0.11,-1.48%,7.41,7.49,7.15,869000,07/31/20
CNST,"Constellation Pharmaceuticals Inc",26.89,0.17,+0.64%,26.5,27.03,25.63,746100,07/31/20
CNTG,"Centogene N.V.",12.7,-0.18,-1.40%,13.14,13.21,12.51,94800,07/31/20
CNTY,"Century Casinos IN",4.03,-0.14,-3.36%,4.15,4.16,3.96,275000,07/31/20
CNX,"CNX Resources Corp",9.65,0.31,+3.32%,9.42,9.67,9.1,5720500,07/31/20
CNXN,"PC Connection Inc",43.7,0.12,+0.28%,43.66,43.99,42.01,95200,07/31/20
CODX,"Co-Diagnostics Inc",24,1.54,+6.86%,22.38,24.88,22.38,5747700,07/31/20
COFS,"Choiceone Financial",28.5,0,0.00%,27.99,28.78,27.62,12800,07/31/20
COHU,"Cohu Inc",18.83,-0.6,-3.09%,19.43,19.5,18.48,310600,07/31/20
COKE,"Coca Cola Bot Cons",229.56,2.56,+1.13%,228.41,230.69,226,51700,07/31/20
COLB,"Columbia Banking Sys",28.93,-0.11,-0.38%,28.96,29.02,27.93,477500,07/31/20
COLL,"Collegium Pharma",15.78,-0.45,-2.77%,16.29,16.49,15.66,500700,07/31/20
CONN,"Conn's Inc",9.96,0.1,+1.01%,9.81,9.98,9.56,314000,07/31/20
COOP,"Mr.Cooper Group Inc",16.33,0.35,+2.19%,16.29,16.94,16.11,1815200,07/31/20
CORE,"Core Mark Holding",26.52,0.009999999999998,+0.04%,26.28,26.55,26.02,243700,07/31/20
CORR,"Corenergy Infrastructure Trust Inc",8.76,-0.37,-4.05%,8.9,9.17,8.75,204400,07/31/20
CORT,"Corcept Therapeutics",14.95,-1.13,-7.03%,16.14,16.17,14.86,1742000,07/31/20
COWN,"Cowen Group Inc",16.47,-0.19,-1.14%,16.64,16.83,15.96,431000,07/31/20
CPF,"Central Pacific Financial Company",15.56,-0.02,-0.13%,15.5,15.58,15.03,209800,07/31/20
CPK,"Chesapeake Utilities Corp",84.49,-0.37,-0.44%,84.54,84.64,82.32,68500,07/31/20
CPLG,"Corepoint Lodging Inc",5.59,0.0099999999999998,+0.18%,5.51,5.71,5.18,438500,07/31/20
CPRX,"Catalyst Pharm Inc",4.3,-0.4,-8.51%,4.26,4.49,3.92,4604200,07/31/20
CPS,"Cooper Std Hld Inc",10.71,-0.67,-5.89%,11.23,11.36,10.65,200800,07/31/20
CPSI,"Computer Programs",24.68,0.22,+0.90%,24.4,24.79,24.31,80300,07/31/20
CRAI,"Cra International",41.77,-1.7,-3.91%,43.47,43.62,40.01,71000,07/31/20
CRBP,"Corbus Pharma",6.27,-0.4,-6.00%,6.7,6.78,6.19,1702000,07/31/20
CRD.A,"Crawford Co. Cl A",7.33,0.19,+2.66%,7.04,7.35,7,96800,07/31/20
CRK,"Comstock Resources",5.36,0.1,+1.90%,5.26,5.38,5.12,1011800,07/31/20
CRMD,"Cormedix Inc",4.45,-0.14,-3.05%,4.76,4.76,4.41,418300,07/31/20
CRMT,"America's Car-Mart",95.16,-1.34,-1.39%,95.99,96.2,92.5,51500,07/31/20
CRNC,"Cerence Inc",39.66,-0.52,-1.29%,40.62,41.5,38.06,960700,07/31/20
CRNX,"Crinetics Pharmaceuticals Inc",13.88,-0.76,-5.19%,14.58,14.78,13.6,116100,07/31/20
CROX,"Crocs Inc",35.94,-1.6,-4.26%,37.86,38.62,35.17,3256400,07/31/20
CRS,"Carpenter Technology Corp",22.36,-1.24,-5.25%,23.29,23.39,21.36,10557100,07/31/20
CRTX,"Cortexyme Inc",39.85,-0.41,-1.02%,40.3,41.4,39,81000,07/31/20
CRVL,"Corvel Cp",79.49,0.47,+0.59%,78.85,79.79,77.37,76900,07/31/20
CRY,Cryolife,19.41,0.51,+2.70%,19.85,20.9,18.29,616200,07/31/20
CSBR,"Champions Oncolog",8.74,-0.39,-4.27%,9.14,9.14,8.7,36500,07/31/20
CSGS,"C S G Sys Intl",42.13,0.31,+0.74%,41.9,42.14,40.99,181900,07/31/20
CSII,"Cardiovascular Syst",30.48,-0.59,-1.90%,31.08,31.08,29.9,235600,07/31/20
CSOD,"Cornerstone Ondemand",35.51,-0.23,-0.64%,35.97,35.97,34.57,386800,07/31/20
CSPR,"Casper Sleep Inc",9.23,-0.039999999999999,-0.43%,9.26,9.36,8.85,173900,07/31/20
CSTE,"Caesarstone Sdot-Yam",11.47,0,0.00%,11.5,11.58,11.27,74500,07/31/20
CSTL,"Castle Biosciences Inc",38.72,-0.58,-1.48%,39.13,39.49,37.86,72800,07/31/20
CSTR,"Capstar Financial Holdings Inc",10.15,-0.09,-0.88%,10.18,10.34,9.9,63500,07/31/20
CSV,"Carriage Services",22.11,-0.99,-4.29%,22.77,22.88,21.2,235800,07/31/20
CSWI,"Csw Industrials Inc",66.79,0.090000000000003,+0.13%,66.3,67.02,64.72,66700,07/31/20
CTB,"Cooper Tire & Rubber Company",31.06,-0.77,-2.42%,31.6,31.6,30.47,651700,07/31/20
CTBI,"Community TR Bancp",30.61,-0.86,-2.73%,31.27,31.33,30.29,70400,07/31/20
CTMX,"Cytomx Thera",7.01,-0.43,-5.78%,7.42,7.44,6.95,577100,07/31/20
CTO,"Consolidated-Tomoka Land Company",39.64,-0.37,-0.92%,39.75,40.42,39.49,26100,07/31/20
CTRE,"Caretrust REIT Inc",18.02,-0.080000000000002,-0.44%,18,18.05,17.48,939700,07/31/20
CTRN,"Citi Trends Inc",17.22,-0.17,-0.98%,17.25,17.42,16.92,103400,07/31/20
CTS,"Cts Corp",19.86,-0.81,-3.92%,20.47,20.99,19.55,175100,07/31/20
CTSO,"Cytosorbents Cor",9.57,-0.15,-1.54%,9.8,9.96,9.43,696000,07/31/20
CTT,"Catchmark Timber Trust Inc",9.76,-0.24,-2.40%,9.97,10,9.54,176100,07/31/20
CUB,"Cubic Corp",42,0,0.00%,41.55,42.06,40.98,356200,07/31/20
CUBI,"Customers Bancorp",11.85,-0.12,-1.00%,12.16,12.16,11.38,263900,07/31/20
CUE,"Cue Biopharma Inc",18.91,-0.85,-4.30%,19.62,20,18.74,287700,07/31/20
CURO,"Curo Group Holdings Corp",6.99,-0.36,-4.90%,7.29,7.35,6.92,314000,07/31/20
CUTR,"Cutera Inc",14.23,0.1,+0.71%,14.09,14.26,13.8,145300,07/31/20
CVA,"Covanta Holding Corp",9.84,0.3,+3.14%,9.99,10.15,9.46,891100,07/31/20
CVBF,"Cvb Financial Corp",18.07,0.039999999999999,+0.22%,17.97,18.08,17.62,720300,07/31/20
CVCO,"Cavco Inds Inc",200.33,-2.67,-1.32%,200.5,207,191.89,73200,07/31/20
CVCY,"Central Vly Cmty Bcp",13.14,-0.62,-4.51%,13.69,13.69,13.02,29000,07/31/20
CVET,"Covetrus Inc",22.16,1.32,+6.33%,20.94,23.16,20.77,1092000,07/31/20
CVGW,"Calavo Growers Inc",57.77,-1.11,-1.89%,58.51,58.77,56.59,177600,07/31/20
CVI,"Cvr Energy Inc",19.2,-0.030000000000001,-0.16%,18.92,19.21,18.56,421000,07/31/20
CVLG,"Covenant Logistics Group Inc.",16.85,-1.18,-6.54%,17.97,18.03,16.8,113200,07/31/20
CVLT,"Commvault Systems",44.08,0.65,+1.50%,43.4,44.09,42.65,428400,07/31/20
CVLY,"Codorus Valley Bncp",11.75,-0.2,-1.67%,12,12.09,11.62,21600,07/31/20
CVM,"Cel-Sci Corp",12.51,0.0099999999999998,+0.08%,12.6,13.02,12.09,474900,07/31/20
CWBR,"Cohbar Inc",1.49,0,0.00%,1.48,1.5199,1.4701,65000,07/31/20
CWCO,"Cons Water Co. Inc",12.27,-0.15,-1.21%,12.37,12.43,12.11,105600,07/31/20
CWEN,"Clearway Energy Inc Cl C",24.54,0.18,+0.74%,24.32,24.57,24.08,478700,07/31/20
CWE.A,"Clearway Energy Inc Cl A",22.91,0.21,+0.93%,22.72,22.91,22.43,181500,07/31/20
CWH,"Camping World Holdings Inc",36.62,0.099999999999994,+0.27%,36.83,37.25,35.11,1555300,07/31/20
CWK,"Cushman & Wakefield Plc",10.7,-0.19,-1.74%,10.85,10.85,10.53,580800,07/31/20
CWST,"Casella Waste Sys",55.41,0.5,+0.91%,54.6,55.58,54.02,202300,07/31/20
CWT,"California Water Service Group Holding",46.87,-1.17,-2.44%,47.91,48.52,46.52,961000,07/31/20
CXP,"Columbia Property Trust Inc",11.96,0.22,+1.87%,12.1,12.1,10.95,927700,07/31/20
CXW,"Corecivic Inc",8.91,0.12,+1.37%,8.79,8.92,8.66,1126600,07/31/20
CYBE,"Cyberoptics Cp",39.35,-0.7,-1.75%,40.28,40.3,38.67,63600,07/31/20
CYCN,"Cyclerion Therapeutics Inc",3.82,-0.23,-5.68%,4.08,4.1,3.71,302100,07/31/20
CYH,"Community Health Systems",4.98,0.050000000000001,+1.01%,4.87,5.03,4.76,2588700,07/31/20
CYRX,"Cryoport Inc",33.14,0.73,+2.25%,32.69,33.14,31.95,437400,07/31/20
CYTK,Cytokinetics,21.62,-1.05,-4.63%,22.6,22.66,21.16,1229000,07/31/20
CZNC,"Citizens Nrthn Cp",17.7,0.099999999999998,+0.57%,17.63,18.16,17.25,25000,07/31/20
CZR,"Caesars Entertainment Inc",31.05,-2.32,-6.95%,33.4,33.64,30.8,5603400,07/31/20
DAKT,"Daktronics Inc",4.17,0.07,+1.71%,4.06,4.19,3.96,247600,07/31/20
DAN,"Dana Inc",11.43,-0.46,-3.87%,11.72,11.79,11,2293600,07/31/20
DAR,"Darling International Inc",27.93,-0.45,-1.59%,28.13,28.3,27.23,1206700,07/31/20
DBCP,"Delmar Bancorp",5.82,-0.17,-2.84%,6.05,6.09,5.81,7300,07/31/20
DBD,"Diebold Nixdorf Inc",6.97,-0.52,-6.94%,7.5,7.76,6.78,1624500,07/31/20
DBI,"Designer Brands Inc",5.91,-0.4,-6.34%,6.25,6.36,5.82,1619400,07/31/20
DCO,"Ducommun Inc",35.95,1.7,+4.96%,35.7,37.73,34.95,113900,07/31/20
DCOM,"Dime Community Bncsh",11.74,-0.13,-1.10%,11.75,11.89,11.43,244200,07/31/20
DCPH,"Deciphera Pharmaceuticals Inc",46.37,-0.42,-0.90%,46.63,47.21,45.53,618800,07/31/20
DDD,"3D Systems Corp",6.59,0,0.00%,6.59,6.65,6.37,1685900,07/31/20
DDS,Dillard's,23.55,-0.42,-1.75%,23.79,23.91,23.02,395200,07/31/20
DEA,"Easterly Government Properties",24.45,0.3,+1.24%,24.09,24.45,23.81,567400,07/31/20
DECK,"Deckers Outdoor Corp",209.25,-4.9,-2.29%,198.23,215.1,196.21,593100,07/31/20
DENN,"Dennys Corp",8.88,-0.5,-5.33%,9.29,9.3,8.82,1325000,07/31/20
DFIN,"Donnelly Financial Solutions Inc",8.65,0.29,+3.47%,8.28,8.68,8.27,423000,07/31/20
DGICA,"Donegal Group Cl A",13.98,-0.41,-2.85%,14.19,14.19,13.67,46400,07/31/20
DGII,"Digi Intl Inc",12.12,-0.06,-0.49%,12.09,12.14,11.73,121500,07/31/20
DHC,"Diversified Healthcare Trust",3.89,-0.07,-1.77%,3.91,3.99,3.73,1941600,07/31/20
DHIL,"Diamond Hill Inv",114.03,-3.62,-3.08%,116.49,116.49,112.71,17200,07/31/20
DHT,"Dht Holdings",5.68,-0.010000000000001,-0.18%,5.7,5.72,5.55,2020900,07/31/20
DHX,"Dice Holdings",2.5,-0.03,-1.19%,2.49,2.51,2.41,102200,07/31/20
DIN,"Dineequity Inc",45.43,-1.04,-2.24%,45.73,46.38,43.18,847100,07/31/20
DIOD,"Diodes Inc",51.45,-0.41999999999999,-0.81%,52,52.65,50.02,331500,07/31/20
DJCO,"Daily Journal Cp",284,0.99000000000001,+0.35%,284,284,284,800,07/31/20
DK,"Delek US Holdings",17.48,-0.050000000000001,-0.29%,17.25,17.75,16.9,767200,07/31/20
DLTH,"Duluth Hld Cl B",7.39,-0.06,-0.81%,7.39,7.5,7.18,126200,07/31/20
DLX,"Deluxe Corp",28.23,3.07,+12.20%,26.29,29,26.16,9268600,07/31/20
DMRC,"Digimarc Corp",14.06,1.15,+8.91%,12.81,14.06,12.56,109000,07/31/20
DMTK,"Dermtech Inc",10.59,-0.1,-0.94%,10.57,10.99,10.17,169900,07/31/20
DNLI,"Denali Therapeutics Inc",23.42,-0.56,-2.34%,24.12,24.18,23.03,666700,07/31/20
DNOW,"Now Inc",7.88,-0.47,-5.63%,8.21,8.28,7.83,1035600,07/31/20
DOC,"Physicians Realty Trust",18.04,0.079999999999998,+0.45%,17.89,18.05,17.71,1913400,07/31/20
DOMO,"Domo Inc Cl B",32.18,-0.37,-1.14%,33.14,33.25,31.15,339600,07/31/20
DOOR,"Masonite Worldwide Hld",84.35,-3.36,-3.83%,87.25,87.72,82.67,222000,07/31/20
DORM,"Dorman Products Inc",81.75,-1.06,-1.28%,82.47,84.22,80.69,265500,07/31/20
DRH,"Diamondrock Hospitality Company",4.62,-0.14,-2.94%,4.71,4.71,4.46,1578700,07/31/20
DRNA,"Dicerna Pharmaceutic",21.5,-0.87,-3.89%,22.25,22.66,21.35,720400,07/31/20
DRQ,Dril-Quip,33.29,-1.37,-3.95%,34.43,35.06,31.13,355000,07/31/20
DRRX,"Durect Corp",1.96,0.02,+1.03%,2.09,2.1082,1.93,1621500,07/31/20
DSKE,"Daseke Inc",4.17,-0.0099999999999998,-0.24%,4.13,4.2,3.98,257300,07/31/20
DSPG,"D S P Group Inc",14.85,-0.29,-1.92%,14.54,15.1,14.21,386700,07/31/20
DSSI,"Diamond S Shipping Inc",8.78,-0.020000000000001,-0.23%,8.74,8.8,8.43,194100,07/31/20
DTIL,"Precision Biosciences Inc",6.36,-0.65,-9.27%,7.03,7.1,6.31,640300,07/31/20
DVAX,"Dynavax Technologies",8.11,-0.28,-3.34%,8.36,8.49,7.84,4322900,07/31/20
DX,"Dynex Capital",15.45,0.029999999999999,+0.19%,15.4,15.6,15.11,343500,07/31/20
DXPE,"Dxp Enterprise",16.88,-0.44,-2.54%,17.1,17.22,16.48,99500,07/31/20
DY,"Dycom Industries",42.83,0.42,+0.99%,42,42.87,40.94,327700,07/31/20
DYAI,"Dyadic International",8.68,0,0.00%,8.49,8.75,8.31,92500,07/31/20
DZSI,"Dasan Zhone Solutions Inc",10.11,-0.020000000000001,-0.20%,10.08,10.29,9.9,53800,07/31/20
EARN,"Ellington Residential Mortgage",11.05,-0.15,-1.34%,11.25,11.25,10.8,73400,07/31/20
EAT,"Brinker International",26.89,-1.04,-3.72%,27.6,27.88,26.07,1698800,07/31/20
EB,"Eventbrite Inc",8.52,-0.030000000000001,-0.35%,8.59,8.77,8.28,1396400,07/31/20
EBF,"Ennis Inc",17.3,-0.23,-1.31%,17.35,17.54,17.12,125000,07/31/20
EBIX,"Ebix Inc",22.05,0.25,+1.15%,21.67,22.06,21.12,230400,07/31/20
EBMT,"Eagle Bancorp [Mt]",15.45,-0.58,-3.62%,16.03,16.13,15.11,18400,07/31/20
EBS,"Emergent Biosolutions",111.24,14.22,+14.66%,103.63,114.13,103.63,1834400,07/31/20
EBSB,"Meridian Bncp",11.4,-0.1,-0.87%,11.4,11.48,11.2,165500,07/31/20
EBTC,"Enterprise Bancorp",21.5,-0.21,-0.97%,21.53,22.21,21.5,12500,07/31/20
ECHO,"Echo Global Logistic",25.06,-0.58,-2.26%,25.46,25.59,24.62,231100,07/31/20
ECOL,"US Ecology Inc",34.68,-0.13,-0.37%,34.47,35,32.06,193400,07/31/20
ECOM,"Channeladvisor Corp",20.37,-0.11,-0.54%,20.75,20.99,19.96,540500,07/31/20
ECPG,"Encore Capital Group",36.53,0.83,+2.32%,35.52,36.7,34.6,602600,07/31/20
EDIT,"Editas Medicine",29.36,-1.27,-4.15%,30.78,30.85,29.2,847800,07/31/20
EEX,"Emerald Expositions Events Inc",2.72,0.03,+1.12%,2.69,2.73,2.59,141800,07/31/20
EFC,"Ellington Financial Llc",11.76,-0.26,-2.16%,11.96,11.96,11.63,330400,07/31/20
EFSC,"Enterprises Finl Svc",29.06,-0.66,-2.22%,29.5,29.61,28.41,73100,07/31/20
EGAN,"Egain Corp",9.91,-0.07,-0.70%,10.01,10.01,9.65,144900,07/31/20
EGBN,"Eagle Bancorp Inc",30.08,-0.11,-0.36%,29.92,30.13,28.97,164300,07/31/20
EGHT,"8X8 Inc",15.9,-1.2,-7.02%,16.57,16.84,15.21,3301200,07/31/20
EGLE,"Eagle Bulk Ship",2.43,0,0.00%,2.41,2.44,2.31,348100,07/31/20
EGOV,"Nic Inc",21.92,0.29,+1.34%,21.61,21.93,21.37,413400,07/31/20
EGP,"Eastgroup Properties",132.66,-0.67000000000002,-0.50%,133.03,133.03,129.93,280500,07/31/20
EGRX,"Eagle Pharmaceuticals",46.39,-1.34,-2.81%,47.61,47.61,45.17,148000,07/31/20
EHTH,"Ehealth Inc",69.14,-3.11,-4.30%,72.78,74,68.54,1182000,07/31/20
EIDX,"Eidos Therapeutics Inc",40.1,-1.44,-3.47%,41.94,41.94,38.44,97200,07/31/20
EIG,"Employers Holdings Inc",32.52,0.1,+0.31%,32.04,32.6,31.71,282600,07/31/20
EIGI,"Endurance Int Group",5.67,-0.64,-10.14%,6.3,6.3,5.66,919700,07/31/20
EIGR,"Eiger Biopharma",10.05,-0.15,-1.47%,10.18,10.22,9.56,309600,07/31/20
ELA,"Envela Corp.",4.23,-0.12,-2.76%,4.39,4.46,4.22,61500,07/31/20
ELF,"E.L.F. Beauty Inc",17.86,-0.13,-0.72%,17.91,18.02,17.48,1248800,07/31/20
ELMD,"Electromed Inc",16.59,-1,-5.69%,17.65,17.88,16.3,174500,07/31/20
ELOX,"Eloxx Pharmaceuticals Inc",2.79,-0.05,-1.76%,2.82,2.85,2.78,56300,07/31/20
ELY,"Callaway Golf Company",19.05,-0.050000000000001,-0.26%,19.14,19.19,18.53,1855200,07/31/20
EME,"Emcor Group",68.5,-0.7,-1.01%,68.44,68.8,67.57,560800,07/31/20
EML,"Eastern Company",16.31,-0.17,-1.03%,17.48,17.48,16.15,13500,07/31/20
ENDP,"Endo Int'l Plc",3.48,0.06,+1.75%,3.39,3.48,3.29,3406100,07/31/20
ENOB,"Enochian Biosciences Inc",3.85,0.01,+0.26%,3.8,3.91,3.7,59400,07/31/20
ENS,"Enersys Inc",67.26,-0.67,-0.99%,67.45,67.59,65.45,219200,07/31/20
ENSG,"The Ensign Group IN",45.99,-0.56,-1.20%,46.09,46.55,44.47,293900,07/31/20
ENTA,"Enanta Pharmaceutica",45.85,-1.14,-2.43%,46.9,47.31,44.26,238600,07/31/20
ENV,"Envestnet Inc",81.2,0.74000000000001,+0.92%,80.28,81.33,78.39,253600,07/31/20
ENVA,"Enova International Inc",16.09,0.66,+4.28%,15.27,16.16,14.97,868100,07/31/20
ENZ,"Enzo Biochem",2.38,-0.09,-3.64%,2.47,2.5,2.35,1038800,07/31/20
EOLS,"Evolus Inc",3.26,-0.19,-5.51%,3.5,3.5,3.26,658000,07/31/20
EPAC,"Actuant Corp",18.9,-0.45,-2.33%,19.2,19.22,18.34,206100,07/31/20
EPAY,"Bottomline Tech IN",48.26,-0.48,-0.98%,48.89,48.98,46.8,259700,07/31/20
EPC,"Edgewell Personal Care",29.89,0.35,+1.18%,29.38,30.01,29.38,421400,07/31/20
EPM,"Evolution Petroleum Corp",2.62,-0.09,-3.32%,2.67,2.69,2.6,66500,07/31/20
EPRT,"Essential Properties Realty Trust Inc",16.1,0.12,+0.75%,15.9,16.12,15.28,754300,07/31/20
EPZM,"Epizyme Inc",13.84,-0.17,-1.21%,13.95,14.02,13.59,1506700,07/31/20
EQBK,"Equity Bncsrs Cm A",14.14,0.040000000000001,+0.28%,14.1,14.33,13.75,44800,07/31/20
ERII,"Energy Recovery Inc",7.59,-0.28,-3.56%,7.93,7.99,7.43,312100,07/31/20
EROS,"Eros International Plc",2.84,-0.27,-8.68%,2.96,3.18,2.58,11310500,07/31/20
ESCA,"Escalade Inc",15.35,-0.32,-2.04%,15.51,15.84,15,45400,07/31/20
ESE,"Esco Technologies Inc",85.94,0.039999999999992,+0.05%,85.16,86.02,83.67,101600,07/31/20
ESGR,"Enstar Group Ltd",167.95,-4.53,-2.63%,172.91,172.92,166.23,35600,07/31/20
ESNT,"Essent Group Ltd",35.83,0.31,+0.87%,35.25,35.89,35,735300,07/31/20
ESPR,"Esperion Theraptc",37.63,-2.15,-5.40%,39.81,40,37.21,896900,07/31/20
ESQ,"Esquire Financial Holdings Inc",15.55,-0.08,-0.51%,15.52,15.72,15.5,9500,07/31/20
ESSA,"Essa Bancorp Inc",12.6,-0.030000000000001,-0.24%,12.6,12.9,12.6,13800,07/31/20
ESTE,"Earthstone Energy",2.63,-0.15,-5.40%,2.78,2.78,2.61,339500,07/31/20
ESXB,"Community Bankers",5.16,0,0.00%,5.12,5.16,5.01,48400,07/31/20
ETH,"Ethan Allen Interiors Inc",11.84,-0.45,-3.66%,12.1,12.19,11.67,358600,07/31/20
ETM,"Entercom Communications Corp",1.4,-0.03,-2.10%,1.43,1.44,1.34,1284700,07/31/20
ETNB,"89Bio Inc",30.38,1.29,+4.43%,30.07,31.43,29,78300,07/31/20
ETON,"Eton Pharmaceutcials Inc",6.68,0.52,+8.44%,6.39,6.83,6.26,358300,07/31/20
EVBN,"Evans Bancorp",22.05,-0.45,-2.00%,22.39,22.81,22,9400,07/31/20
EVC,"Entravision Communications Corp",1.32,-0.04,-2.94%,1.34,1.3718,1.31,106800,07/31/20
EVER,"Everquote Inc Cl A",54.45,4.07,+8.08%,50.8,54.75,50.49,469000,07/31/20
EVFM,"Evofem Biosciences Inc",2.99,-0.05,-1.64%,3.08,3.11,2.94,3499300,07/31/20
EVH,"Evolent Health Inc Cl A Com",11.65,0.06,+0.52%,11.5,11.66,11.22,1717800,07/31/20
EVI,"Evi Industries Inc.",25.28,0.13,+0.52%,24.85,25.86,24.11,14000,07/31/20
EVLO,"Evelo Biosciences Inc",3.81,-0.17,-4.27%,4.01,4.01,3.69,287500,07/31/20
EVOP,"Evo Payments Inc Cl A",22.69,-0.6,-2.58%,23.25,23.26,22.27,447000,07/31/20
EVRI,"Everi Holdings Inc",5.68,-0.18,-3.07%,5.77,5.82,5.53,2721300,07/31/20
EVTC,"Evertec Inc",31.05,-0.31,-0.99%,31.2,31.2,30.31,501300,07/31/20
EXLS,"Exlservice Holdings",64.06,-0.2,-0.31%,63.97,64.2,62.73,131300,07/31/20
EXPI,"Exp Realty International",19.87,-0.74,-3.59%,20.52,20.91,19.54,280600,07/31/20
EXPO,"Exponent Inc",84.06,0.61,+0.73%,82.61,84.34,82.26,420700,07/31/20
EXPR,"Express Inc",1.01,-0.1,-9.01%,1.14,1.14,1,2262700,07/31/20
EXTN,"Exterran Corp",4.97,-0.25,-4.79%,5.14,5.17,4.91,273900,07/31/20
EXTR,"Extreme Networks",4.55,0.05,+1.11%,4.46,4.56,4.29,920000,07/31/20
EYE,"National Vision Holdings Inc",31.99,0.95,+3.06%,31.08,31.99,30.68,710100,07/31/20
EZPW,"Ezcorp Inc",5.72,-0.19,-3.21%,5.85,5.96,5.63,272900,07/31/20
FARM,"Farmer Brothers",4.98,-0.09,-1.78%,5.07,5.11,4.74,107300,07/31/20
FARO,"Faro Tech Inc",59.83,1.03,+1.75%,58.84,60.21,58.1,221000,07/31/20
FATE,"Fate Therapeutics",31.27,-0.33,-1.04%,31.75,32.06,30.35,774900,07/31/20
FBC,"Flagstar Bancorp",31.38,0.059999999999999,+0.19%,31.72,31.72,30.64,234400,07/31/20
FBIO,"Fortress Biotech Inc",2.77,-0.0099999999999998,-0.36%,2.85,2.87,2.62,764400,07/31/20
FBIZ,"First Business Finan",14.87,0.11,+0.75%,15.1,15.55,14.29,33100,07/31/20
FBK,"Fb Financial Corp",25.41,-0.02,-0.08%,25.66,25.66,24.79,187000,07/31/20
FBM,"Foundation Building Materials Inc",13.73,-0.049999999999999,-0.36%,13.58,13.75,13.44,351600,07/31/20
FBMS,"First Bancshs [Ms]",19.91,-0.57,-2.78%,20.22,20.33,19.2,82400,07/31/20
FBNC,"First Bancorp [Nc]",20.66,-0.58,-2.73%,20.88,21.28,20.35,154100,07/31/20
FBP,"First Bancorp",5.44,-0.11,-1.98%,5.47,5.48,5.27,2105000,07/31/20
FC,"Franklin Covey Company",18.09,-0.25,-1.36%,18.16,18.29,17.63,90100,07/31/20
FCAP,"First Capital Inc",53.51,-1.74,-3.15%,51.04,55.67,51.04,5500,07/31/20
FCBC,"First Community Bksh",19.56,-0.63,-3.12%,20.01,20.33,19.38,54100,07/31/20
FCBP,"First Choice Bancorp",15.13,-0.17,-1.11%,15.3,15.3,14.96,14800,07/31/20
FCCO,"First Community Corp",13.4,-0.35,-2.55%,13.61,13.61,13.38,5100,07/31/20
FCCY,"1st Constitution Bcp",12.36,0.35,+2.91%,11.91,12.57,11.91,8100,07/31/20
FCEL,"Fuelcell Energy Inc",2.23,-0.06,-2.62%,2.33,2.35,2.16,9350500,07/31/20
FCF,"First Commonwealth Financial Corp",7.87,-0.03,-0.38%,7.84,7.88,7.61,912100,07/31/20
FCFS,"First Cash Fin Svcs",57.64,-0.79,-1.35%,57.96,58.14,57.08,315400,07/31/20
FCPT,"Four Corners Property Trust IN",25.2,0.87,+3.58%,25.3,25.3,24.09,537400,07/31/20
FDBC,"Fidelity D & D Bancorp Inc",45.66,-2.87,-5.91%,49.86,51.27,45.66,6100,07/31/20
FDP,"Fresh Del Monte Produce",22.58,-0.7,-3.01%,23.08,23.42,22.2,294700,07/31/20
FELE,"Franklin Electric Company",54.05,-0.99,-1.80%,54.57,54.61,53.05,497500,07/31/20
FENC,"Fennec Pharmaceuticals Inc",8.44,0.11,+1.32%,8.54,8.68,8.28,277500,07/31/20
FF,"Futurefuel Corp",13.18,-0.2,-1.49%,13.27,13.45,13,144400,07/31/20
FFBC,"First Finl Bncp [Oh]",13.91,-0.13,-0.93%,13.93,14.01,13.45,526800,07/31/20
FFG,"Fbl Financial Group",34.78,-0.14,-0.40%,34.61,34.82,33.84,28000,07/31/20
FFIC,"Flushing Finl Corp",11.08,-0.029999999999999,-0.27%,11.1,11.12,10.75,182100,07/31/20
FFIN,"First Finl Bkshs Inc",29.92,-0.54,-1.77%,30.29,30.54,29.45,543600,07/31/20
FFWM,"First Foundation",15.37,-0.22,-1.41%,15.49,15.64,15.09,155400,07/31/20
FGBI,"First Gurty Banc",11.79,-0.1,-0.84%,11.89,12.07,11.79,3800,07/31/20
FGEN,"Fibrogen Inc CS",40.47,-0.9,-2.18%,41.6,41.96,40.2,456900,07/31/20
FHI,"Federated Investors",26.36,1.81,+7.37%,24.62,26.39,24,1194300,07/31/20
FI,"Frank's International N.V.",2.28,0.0099999999999998,+0.44%,2.25,2.3,2.21,702400,07/31/20
FIBK,"First Interstate Ban",29.11,-0.26,-0.89%,29.3,29.45,28.66,211700,07/31/20
FISI,"Financial Institut",14.77,-0.26,-1.73%,14.84,15,14.5,123100,07/31/20
FIT,"Fitbit Inc",6.54,0.07,+1.08%,6.47,6.57,6.47,3737200,07/31/20
FIX,"Comfort Systems USA",49.71,0.78,+1.59%,48.57,49.88,47.2,410400,07/31/20
FIXX,"Homology Medicines Inc",13.15,-0.79,-5.67%,13.9,14.14,13.05,697600,07/31/20
FIZZ,"Natl Beverage Cp",64.15,-5.47,-7.86%,69.73,70.36,62.74,590500,07/31/20
FLDM,"Fluidigm Corp",7.04,1.2,+20.55%,5.82,9.26,5.5,64629200,07/31/20
FLGT,"Fulgent Genetics Inc",26.35,0.23,+0.88%,26.5,26.65,25.07,362300,07/31/20
FLIC,"First of Long Isla",14.91,0.17,+1.15%,14.87,14.95,14.38,88800,07/31/20
FLMN,"Falcon Minerals Corp Cl A",2.51,-0.16,-5.99%,2.67,2.69,2.49,133000,07/31/20
FLNT,"Fluent Inc",1.82,-0.03,-1.62%,1.84,1.8699,1.76,107600,07/31/20
FLOW,"SPX Flow Inc",40.08,-0.79,-1.93%,40.4,40.84,39.41,412900,07/31/20
FLR,"Fluor Corp",10.19,-1.14,-10.06%,11.25,11.35,10.06,3760800,07/31/20
FLWS,1-800-Flowers.com,28.25,0.2,+0.71%,27.99,28.89,27.86,856600,07/31/20
FLXN,"Flexion Therapeutics",13.57,-0.28,-2.02%,14.09,14.39,13.46,785300,07/31/20
FMAO,"Farmers & Merch Banc",21.49,-0.16,-0.74%,21.52,21.69,21.3,14700,07/31/20
FMBH,"First Mid Ill Bncshr",24.41,-1.39,-5.39%,25.55,25.59,24.23,33000,07/31/20
FMBI,"First Midwest Bncp",12.13,0,0.00%,12.04,12.14,11.77,731000,07/31/20
FMNB,"Farmers Natl Banc Cp",10.81,-0.41,-3.65%,11.12,11.17,10.62,74000,07/31/20
FN,Fabrinet,72.63,0.5,+0.69%,72.28,72.71,71.13,270400,07/31/20
FNCB,"FNCB Bancorp Inc",5.59,-0.33,-5.57%,5.8,5.83,5.57,12300,07/31/20
FNHC,"Federated Natl Hld",9.36,0.25,+2.74%,9,9.41,8.89,51700,07/31/20
FNKO,"Funko Inc Cl A",5.54,-0.08,-1.42%,5.69,5.69,5.37,656900,07/31/20
FNLC,"First Bancorp Inc",20.14,-0.13,-0.64%,20.11,20.32,20.1,12000,07/31/20
FNWB,"First Nw Banc",10.25,-0.91,-8.15%,11.01,11.1,10.25,19500,07/31/20
FOCS,"Focus Financial Partners Inc Cl A",36.95,-0.31,-0.83%,37.05,37.1,36.01,402700,07/31/20
FOE,"Ferro Corp",11.69,-0.41,-3.39%,11.94,12.04,11.36,323500,07/31/20
FOLD,"Amicus Therapeutics",14.45,-0.23,-1.57%,14.67,14.69,14.09,1588700,07/31/20
FONR,"Fonar Corp",24.62,0.11,+0.45%,24.4,24.8,24.1,27500,07/31/20
FOR,"Forestar Group Inc",17.31,-0.24,-1.37%,17.56,17.56,16.87,118200,07/31/20
FORM,"Formfactor Inc",28.84,-2.01,-6.52%,30,30.31,28,1404300,07/31/20
FORR,"Forrester Resrch",35.11,2.16,+6.56%,33.7,35.38,33.39,47200,07/31/20
FOSL,"Fossil Group",3.31,-0.12,-3.50%,3.51,3.54,3.21,1549000,07/31/20
FOXF,"Fox Factory Cp",89,-1.44,-1.59%,90.89,90.97,86.56,276600,07/31/20
FPI,"Farmland Partners Inc",6.91,-0.14,-1.99%,7.11,7.11,6.86,129600,07/31/20
FPRX,"Five Prime Thera",5.9,0.16,+2.79%,5.71,5.9,5.17,327400,07/31/20
FRAF,"Franklin Finl Svcs Corp",24.12,-0.48,-1.95%,24.53,24.53,24,6400,07/31/20
FRBA,"First Bank",6.53,-0.17,-2.54%,6.67,6.67,6.31,60000,07/31/20
FRBK,"Republic First Bcp",2.33,-0.02,-0.85%,2.34,2.37,2.3,100900,07/31/20
FREQ,"Frequency Therapeutics Inc",21.14,-0.88,-4.00%,21.89,22.26,20.57,126300,07/31/20
FRG,"Franchise Group Inc",24.5,0.49,+2.04%,24.86,25.41,24,167000,07/31/20
FRGI,"Fiesta Restaurant Gp",6.48,-0.05,-0.77%,6.49,6.53,6.24,218700,07/31/20
FRME,"First Merchants Corp",24.43,-0.080000000000002,-0.33%,24.38,24.65,23.67,235700,07/31/20
FRO,"Frontline Ltd",8,-0.039999999999999,-0.50%,8.04,8.07,7.78,1560400,07/31/20
FRPH,"Frp Holdings Inc",39.12,-0.51000000000001,-1.29%,39.84,39.84,39.06,30300,07/31/20
FRPT,"Freshpet Inc CS",96.05,0.92999999999999,+0.98%,95.67,96.32,93.03,374400,07/31/20
FRTA,"Forterra Inc",12.99,0.1,+0.78%,12.79,13.03,12.48,338200,07/31/20
FSB,"Franklin Financial Network Inc",26.4,0.029999999999998,+0.11%,26.21,26.54,25.85,70900,07/31/20
FSBW,"FS Bancorp Inc",38,0.13,+0.34%,37.87,38.16,37.61,7100,07/31/20
FSCT,"Forescout Technologies Inc",28.99,0.039999999999999,+0.14%,28.96,28.99,28.95,1569500,07/31/20
FSFG,"First Savings Financ",42.5,-0.1,-0.23%,43.42,43.42,42.5,2800,07/31/20
FSP,"Franklin Street Properties",5.25,-0.0099999999999998,-0.19%,5.16,5.27,4.89,840800,07/31/20
FSS,"Federal Signal Corp",30.91,-0.44,-1.40%,31.02,31.09,30.08,338200,07/31/20
FSTR,"Foster L B Company",14.06,-0.14,-0.99%,14.09,14.21,13.73,34000,07/31/20
FUL,"H. B. Fuller Company",45.34,0.26000000000001,+0.58%,44.86,45.34,44.06,2008900,07/31/20
FULC,"Fulcrum Therapeutics Inc",15.87,0.12,+0.76%,15.76,16.4,15.44,33400,07/31/20
FULT,"Fulton Financial Cor",9.7,-0.11,-1.12%,9.75,9.77,9.5,872700,07/31/20
FUNC,"First United Corp",10.81,-0.24,-2.17%,11.25,11.25,10.81,16900,07/31/20
FVCB,"Fvcbankcorp Inc",9.86,-0.24,-2.38%,10.06,10.06,9.86,13800,07/31/20
FVE,"Five Star Quality Care",4.54,0.05,+1.11%,4.51,4.56,4.48,35900,07/31/20
FWRD,"Foward Air Corp",51.99,-0.86,-1.63%,51,52.95,50.54,184900,07/31/20
GABC,"German Amer Bncp Inc",28.44,-0.27,-0.94%,28.55,28.86,27.8,58400,07/31/20
GAIA,"Gaiam Inc",9.18,-0.21,-2.24%,9.4,9.53,9.12,109200,07/31/20
GALT,"Galectin Therapeutic",2.61,-0.07,-2.61%,2.65,2.67,2.6,139500,07/31/20
GAN,"Gan Limited",19.35,-0.63,-3.15%,20.25,20.32,18.75,1311900,07/31/20
GATX,"GATX Corp",60.99,0.19,+0.31%,60.14,61.04,59.32,230900,07/31/20
GBCI,"Glacier Bancorp Inc",35.31,-0.019999999999996,-0.06%,35.48,35.74,34.48,379300,07/31/20
GBL,"Gamco Investors",11.79,0.039999999999999,+0.34%,11.78,11.98,11.61,7200,07/31/20
GBLI,"Global Indemnity Plc",22.85,-0.09,-0.39%,22.94,23.06,22.26,17200,07/31/20
GBX,"Greenbrier Companies",25.73,-1.26,-4.67%,26.87,26.87,25.1,597400,07/31/20
GCBC,"Greene County Bncp",21.53,-0.02,-0.09%,21.5,21.53,21.5,1600,07/31/20
GCI,"Gannett Co. Inc.",1.48,0.03,+2.07%,1.45,1.48,1.4,1281900,07/31/20
GCO,"Genesco Inc",15.55,-1.06,-6.38%,16.4,17.03,15.3,385000,07/31/20
GCP,"Gcp Applied Technologies Inc C",22.82,0.15,+0.66%,22.51,22.85,22.29,278100,07/31/20
GDEN,"Golden Entmt",8.55,-0.49,-5.42%,8.9,9.19,8.32,296900,07/31/20
GDOT,"Green Dot Corp",50.69,-0.44,-0.86%,51.13,51.13,49.27,426600,07/31/20
GDP,"Goodrich Petroleum Corp",7.45,0.52,+7.50%,6.95,7.59,6.95,42700,07/31/20
GDYN,"Grid Dynamics Holdings Inc.",6.68,-0.06,-0.89%,6.72,6.72,6.54,49400,07/31/20
GEF,"Greif Bros. Corp",34.79,-1.29,-3.58%,35.68,35.68,34.4,194200,07/31/20
GEF.B,"Greif Bros. Corp Cl B",39.29,-1.56,-3.82%,40,40,39.1,13100,07/31/20
GENC,"Gencor Industries IN",11.97,-0.08,-0.66%,12.14,12.62,11.9,47800,07/31/20
GEO,"Geo Group Inc",10.63,0.030000000000001,+0.28%,10.6,10.63,10.4,1762300,07/31/20
GERN,"Geron Corp",1.59,-0.09,-5.36%,1.67,1.7001,1.59,2614400,07/31/20
GES,"Guess Inc",10.34,-0.16,-1.52%,10.37,10.52,10.14,702200,07/31/20
GFF,"Griffon Corp",22.87,2.23,+10.80%,21.65,27.53,21.65,893300,07/31/20
GFN,"General Finance Corp",5.88,-0.22,-3.61%,6.09,6.09,5.86,16200,07/31/20
GHL,"Greenhill & Co. Inc",11.98,0.79,+7.06%,12.18,12.86,11.79,278200,07/31/20
GHM,"Graham Corp",13.16,0.48,+3.79%,12.58,13.23,12.4,35500,07/31/20
GIII,"G-III Apparel Gp",9.89,-0.89,-8.26%,10.88,10.99,9.84,1266200,07/31/20
GKOS,"Glaukos Corp",43.7,0.030000000000001,+0.07%,43.48,43.81,42.37,458700,07/31/20
GLDD,"Great Lakes Drg Dock",8.36,0.09,+1.09%,8.23,8.41,8.17,383200,07/31/20
GLNG,"Golar Lng Ltd",7.5,-0.37,-4.70%,7.77,7.83,7.34,861500,07/31/20
GLRE,"Greenlight Cap. Re.",6.46,-0.24,-3.58%,6.63,6.73,6.38,102200,07/31/20
GLT,Glatfelter,15.93,-0.31,-1.91%,16.05,16.29,15.65,146600,07/31/20
GLUU,"Glu Mobile Inc",9.44,-0.040000000000001,-0.42%,9.5,9.78,9.31,5241100,07/31/20
GLYC,"Glycomimetics Inc",3.94,-0.21,-5.06%,4.18,4.25,3.87,664600,07/31/20
GME,"Gamestop Corp",4.01,-0.09,-2.20%,4.06,4.16,3.99,1879500,07/31/20
GMRE,"Global Medical REIT Inc",11.89,-0.26,-2.14%,12.06,12.2,11.67,365000,07/31/20
GMS,"Gms Inc",23.43,-0.13,-0.55%,23.3,23.58,23.05,259400,07/31/20
GNE,"Genie Energy Ltd Cl B",8.13,-0.11,-1.33%,8.2,8.22,8,37100,07/31/20
GNK,"Genco Shipping & Trading Ltd",6.79,-0.31,-4.37%,7.05,7.05,6.6,179300,07/31/20
GNL,"Global Net Lease Inc",16.65,-0.040000000000003,-0.24%,16.62,16.66,16.16,474400,07/31/20
GNLN,"Greenlane Holdings Inc Cl A",3.86,-0.03,-0.77%,3.91,3.94,3.81,86000,07/31/20
GNMK,"Genmark Diagnostics",17.86,-0.060000000000002,-0.33%,17.91,18.35,17.34,665200,07/31/20
GNPX,"Genprex Inc",3.37,-0.11,-3.16%,3.55,3.57,3.26,777900,07/31/20
GNSS,"Genasys Inc",4.2,-0.1,-2.33%,4.3,4.39,4.12,127100,07/31/20
GNTY,"Guaranty Bancshares Inc",27.1,-0.43,-1.56%,27.63,27.63,26.71,26500,07/31/20
GNW,"Genworth Financial Inc",2.04,0.03,+1.49%,2.01,2.06,1.95,3877500,07/31/20
GOGO,"Gogo Inc",2.91,-0.51,-14.91%,3.32,3.36,2.76,3101700,07/31/20
GOLF,"Acushnet Holdings Corp",38.05,-0.13,-0.34%,38.18,38.49,37.41,330200,07/31/20
GOOD,"Gladstone Comml",18.2,-0.13,-0.71%,18.41,18.75,17.81,231500,07/31/20
GORO,"Gold Resource Corp",4.39,0.02,+0.46%,4.47,4.49,4.38,1056300,07/31/20
GOSS,"Gossamer Bio Inc",11.92,-0.7,-5.55%,12.65,12.67,11.92,606500,07/31/20
GPI,"Group 1 Automotive",84.02,-5.85,-6.51%,90.44,90.71,80.66,354300,07/31/20
GPMT,"Granite Point Mortgage Trust Inc",6.79,-0.07,-1.02%,6.8,7.12,6.63,558400,07/31/20
GPOR,"Gulfport Energy Corp",1.01,-0.01,-0.98%,1.02,1.03,0.9915,1666200,07/31/20
GPRE,"Green Plains Inc",12.93,-0.34,-2.56%,13.21,13.24,12.67,1140900,07/31/20
GPRO,"Gopro Inc Cl A",5.29,0.11,+2.12%,5.2,5.33,5.06,3136700,07/31/20
GPX,"Gp Strategies Corp",7.43,-0.55,-6.89%,8.12,8.12,7.23,57000,07/31/20
GRBK,"Green Brick Partners",13.8,-0.46,-3.23%,14.2,14.27,13.54,196900,07/31/20
GRC,"Gorman-Rupp Company",30.26,-0.64,-2.07%,30.53,30.8,29.69,69800,07/31/20
GRIF,"Griffin Industrial",49.2,0.53,+1.09%,48.98,49.2,48.98,1600,07/31/20
GRPN,"Groupon Cl A",15.35,-0.09,-0.58%,15.41,15.45,14.95,826900,07/31/20
GRTS,"Gritstone Oncology Inc",3.2,-0.12,-3.61%,3.31,3.38,3.18,630000,07/31/20
GRTX,"Galera Therapeutics Inc",6.96,-0.81,-10.42%,8.02,8.02,6.9,68400,07/31/20
GRWG,"Growgeneration Corp",8.44,-0.23,-2.65%,8.76,8.88,8.17,836400,07/31/20
GSB,Globalscape,9.53,-0.020000000000001,-0.21%,9.49,9.56,9.48,269900,07/31/20
GSBC,"Great Southern Bncp",36.07,-0.63,-1.72%,36.35,37,35.51,42800,07/31/20
GSHD,"Goosehead Insurance Inc Cl A",103.33,19.44,+23.17%,96.6,105.98,93.04,740600,07/31/20
GSIT,"Gsi Technology Inc",5.72,-0.88,-13.33%,6.2,6.32,5.55,190300,07/31/20
GSKY,"Greensky Inc Cl A",5.64,0.09,+1.62%,5.54,5.65,5.39,531500,07/31/20
GT,"Goodyear Tire Rubber",9.01,-0.7,-7.21%,9.84,10,8.99,6155200,07/31/20
GTHX,"G1 Therapeutics Inc",14.67,-1.15,-7.27%,15.81,15.99,14.46,632000,07/31/20
GTLS,"Chart Industries IN",68.53,-1.09,-1.57%,69.31,69.56,67.01,243500,07/31/20
GTN,"Gray Television",14.34,-0.25,-1.71%,14.55,14.55,13.87,476100,07/31/20
GTS,"Triple-S Management Corp",19.46,-0.75,-3.71%,20.05,20.32,18.88,130400,07/31/20
GTT,"Global Telcom & Technology Inc",6.3,-0.1,-1.56%,6.39,6.57,6.27,214200,07/31/20
GTY,"Getty Realty Corp",29.63,-0.5,-1.66%,30.08,30.08,28.74,219500,07/31/20
GTYH,"Gty Technology Holdings Inc",3.25,-0.07,-2.11%,3.27,3.35,3.13,167100,07/31/20
GVA,"Granite Construction Inc",16.96,-0.44,-2.53%,17.2,17.62,16.51,386200,07/31/20
GWB,"Great Western Bancorp Inc",13,0.29,+2.28%,12.74,13.08,12.46,808800,07/31/20
GWRS,"Global Water Reso",10.39,-0.18,-1.70%,10.47,10.56,10.32,23400,07/31/20
HA,"Hawaiian Hlds Inc",11.89,0.27,+2.32%,11.75,12.07,11.53,1412000,07/31/20
HAFC,"Hanmi Financial Cp",9.23,0.030000000000001,+0.33%,9.18,9.36,9.03,376800,07/31/20
HALO,"Halozyme Therapeutic",27.19,-0.31,-1.13%,27.51,27.55,26.67,918000,07/31/20
HARP,"Harpoon Therapeutics Inc",11.01,-0.44,-3.84%,11.55,11.6,10.55,176000,07/31/20
HASI,"Hannon Armstrong Sustainable IN",35.03,0.2,+0.57%,34.95,35.4,34.26,595700,07/31/20
HAYN,"Haynes Intl Inc",18.36,-3.23,-14.96%,20.58,20.7,18.16,181900,07/31/20
HBB,"Hamilton Beach Brands Holding Company Cl A",15.2,-0.5,-3.18%,15.63,15.73,15.01,44300,07/31/20
HBCP,"Home Bancorp Inc",23.38,-1.62,-6.48%,24.84,24.84,23.36,18800,07/31/20
HBIO,"Harvard Bioscience",3.11,-0.07,-2.20%,3.14,3.19,3.03,97000,07/31/20
HBMD,"Howard Bancorp MD",9.51,0,0.00%,9.51,9.52,9.4,57000,07/31/20
HBNC,"Horizon Bancorp",10.11,-0.43,-4.08%,10.51,10.55,9.87,159800,07/31/20
HBT,"Hbt Financial Inc",12.02,-0.22,-1.80%,12.22,12.51,11.97,53800,07/31/20
HCAT,"Health Catalyst Inc",34.9,-0.84,-2.35%,35.96,36.16,34.45,458800,07/31/20
HCC,"Warrior Met Coal Inc",15.92,-0.19,-1.18%,15.94,15.94,15.34,483200,07/31/20
HCCI,Heritage-Crystal,13.93,0.07,+0.51%,13.74,13.96,13.37,391400,07/31/20
HCHC,"Hc2 Holdings Inc",2.71,-0.19,-6.55%,2.89,2.92,2.66,202700,07/31/20
HCI,"Homeowners Choice",44.62,0.16,+0.36%,44.1,44.72,43.03,67900,07/31/20
HCKT,"Hackett Grp Inc",13.79,-0.06,-0.43%,13.76,13.81,13.52,148600,07/31/20
HCSG,"Healthcare Svcs Gp",26.19,0.080000000000002,+0.31%,26,26.29,25.91,475200,07/31/20
HEAR,"Turtle Beach Corp",18.34,-0.36,-1.93%,18.85,18.88,17.81,653000,07/31/20
HEES,"H&E Equip Services",17.59,-0.38,-2.11%,17.74,17.84,17.16,218400,07/31/20
HELE,"Helen of Troy Ltd",188.25,-1.31,-0.69%,190.25,190.43,185.64,120200,07/31/20
HFFG,"HF Foods Group Inc",8.86,0,0.00%,8.78,8.92,8.7,114700,07/31/20
HFWA,"Heritage Financial",18.91,-0.24,-1.25%,19.01,19.28,18.27,255000,07/31/20
HGV,"Hilton Grand Vacations Inc",20.3,-0.49,-2.36%,20.5,20.5,19.73,799400,07/31/20
HI,"Hillenbrand Inc",29.23,-0.07,-0.24%,28.85,29.56,28.63,814200,07/31/20
HIBB,"Hibbett Sports Inc",23.19,-1.46,-5.92%,24.58,24.78,23.04,365800,07/31/20
HIFS,"Hingham Inst For Svg",176,-0.72,-0.41%,176,176,175.99,1900,07/31/20
HL,"Hecla Mining Company",5.52,0.17,+3.18%,5.47,5.53,5.32,11261700,07/31/20
HLI,"Houlihan Lokey",54.8,0.25,+0.46%,54.55,55.25,54.12,657500,07/31/20
HLIO,"Helios Technologies Inc",37.83,-0.39,-1.02%,37.79,38.14,37.04,106400,07/31/20
HLIT,"Harmonic Inc",5.58,-0.25,-4.29%,5.78,5.79,5.49,669600,07/31/20
HLNE,"Hamilton Lane Incorporated Cl A",72.24,0.80999999999999,+1.13%,71.83,72.24,70.44,108800,07/31/20
HLX,"Helix Energy Solutions Group",4.19,-0.069999999999999,-1.64%,4.26,4.3,4.04,1816400,07/31/20
HMHC,"Houghton Mifflin Har",2.96,0.22,+8.03%,2.74,3,2.62,8107000,07/31/20
HMN,"Horace Mann Educators Corp",37.58,0.019999999999996,+0.05%,37.33,37.65,36.87,212800,07/31/20
HMST,"Homestreet Inc",26.44,0.78,+3.04%,25.5,26.49,25.48,247900,07/31/20
HMSY,"Hms Hlds Cp",32.5,-0.22,-0.67%,32.76,32.78,31.82,422300,07/31/20
HMTV,"Hemisphere Media A",8.8,-0.34,-3.72%,9.04,9.07,8.6,39500,07/31/20
HNGR,"Hanger Inc",17.46,-0.27,-1.52%,17.47,18.11,16.91,187200,07/31/20
HNI,"Hon Industries Inc",29.7,-0.13,-0.44%,29.53,29.71,28.96,244000,07/31/20
HOFT,"Hooker Furniture",21.4,-0.86,-3.86%,22.04,22.17,21.07,51900,07/31/20
HOMB,"Home Bancshares Inc",16.33,-0.18,-1.09%,16.4,16.51,15.83,967400,07/31/20
HOME,"At Home Group Inc",12.42,-0.18,-1.43%,12.66,12.89,11.96,5629100,07/31/20
HONE,"Harborone Bancorp Inc",8.66,-0.12,-1.37%,8.7,8.76,8.5,175400,07/31/20
HOOK,"Hookipa Pharma Inc",9.66,-0.62,-6.03%,10.3,10.64,9.61,45800,07/31/20
HOPE,"Hope Bancorp Inc",8.43,0.24,+2.93%,8.14,8.43,8.05,1451700,07/31/20
HQY,Healthequity,51.56,-1.72,-3.23%,53.13,53.13,51,800000,07/31/20
HR,"Healthcare Realty Trust Inc",29.3,-0.33,-1.11%,29.51,29.76,28.87,1175600,07/31/20
HRI,"Herc Holdings Inc",33.54,-0.75,-2.19%,33.94,34.05,32.4,228100,07/31/20
HROW,"Harrow Health Inc",5.48,-0.12,-2.14%,5.59,5.66,5.38,131900,07/31/20
HRTG,"Heritage Insurance Holdings",11.87,-0.23,-1.90%,12,12.07,11.71,102900,07/31/20
HRTX,"Heron Therapeutics",16.29,-0.82,-4.79%,17.09,17.11,16.05,886500,07/31/20
HSC,"Harsco Corp",15.96,0.13,+0.82%,15.62,15.97,15.49,639800,07/31/20
HSII,"Heidrick & Struggl",20.23,-0.53,-2.55%,20.74,20.95,20.13,130600,07/31/20
HSKA,"Heska Corp",96.22,-1.12,-1.15%,97.1,98.62,93.04,62400,07/31/20
HSTM,"Healthstream Inc",21.95,0,0.00%,21.91,22.36,21.64,193600,07/31/20
HT,"Hersha Hospitality Trust",4.76,-0.15,-3.05%,4.88,4.91,4.72,644300,07/31/20
HTBI,"Hometrust Bancshares",14.42,-0.0099999999999998,-0.07%,14.31,14.55,14.16,76200,07/31/20
HTBK,"Heritage Commerce",6.78,-0.12,-1.74%,6.83,6.86,6.66,276600,07/31/20
HTH,"Hilltop Holdings Inc",19.47,-0.33,-1.67%,21.24,21.24,18.71,1112800,07/31/20
HTLD,"Heartland Express",20.28,0,0.00%,20.2,20.43,19.89,420000,07/31/20
HTLF,"Heartland Finl USA",31.24,-0.31,-0.98%,31.3,31.55,30.4,105000,07/31/20
HTZ,"Hertz Global Holdings Inc",1.45,-0.03,-2.03%,1.5,1.51,1.45,6498000,07/31/20
HUBG,"Hub Group Inc A",52.9,2.94,+5.88%,54.52,56.48,50.33,585800,07/31/20
HUD,"Hudson Ltd Cl A",4.38,0.05,+1.15%,4.36,4.39,4.24,742300,07/31/20
HURC,"Hurco Cos Inc",27.74,-0.96,-3.34%,28.4,28.4,27.23,19600,07/31/20
HURN,"Huron Consulting",47.72,3.56,+8.06%,47.84,51.75,46.45,356700,07/31/20
HVT,"Haverty Furniture Companies",14.22,-0.13,-0.91%,14.1,14.39,13.67,344400,07/31/20
HWBK,"Hawthorn Bancshares",16.52,-0.29,-1.73%,16.86,17.4,16.2,9100,07/31/20
HWC,"Hancock Whitney Corp",19.06,-0.28,-1.45%,19.14,19.39,18.65,485100,07/31/20
HWKN,"Hawkins Inc",51.53,0.47,+0.92%,51.06,51.9,50.44,70800,07/31/20
HY,"Hyster-Yale Materials Handling",37.31,-0.56,-1.48%,37.5,37.78,36.85,67500,07/31/20
HZO,"Marinemax Inc",27.74,-2.01,-6.76%,29.66,29.9,27.53,710900,07/31/20
IBCP,"Independent Bk Cp",13.96,-0.23,-1.62%,14.05,14.16,13.61,160600,07/31/20
IBIO,"Ibio Inc",4.44,-0.24,-5.13%,4.6,4.89,4.33,17624500,07/31/20
IBOC,"Intl Bancshares",30.42,-0.84,-2.69%,31.02,31.02,29.74,193700,07/31/20
IBP,"Installed Building Products",79.11,-2.23,-2.74%,81.1,81.34,76.9,352600,07/31/20
IBTX,"Independent Bank Group",43.93,-1.16,-2.57%,44.69,44.76,43.07,347800,07/31/20
ICAD,"Icad Inc",9.22,-0.31,-3.25%,9.5,9.55,9.01,261100,07/31/20
ICBK,"County Bancorp",18.56,-0.9,-4.62%,19.45,19.45,18.51,9600,07/31/20
ICFI,"Icf International",67.61,0.5,+0.75%,66.55,67.68,66.55,140100,07/31/20
ICHR,"Ichor Holdings Ltd",32.82,-0.079999999999998,-0.24%,33,33,31.94,304700,07/31/20
ICPT,"Intercept Pharmaceuticals",45.64,-1.06,-2.27%,47.64,47.7,45.17,526100,07/31/20
IDCC,"Interdigital Inc",60.02,0.68,+1.15%,59.7,60.06,58.46,170000,07/31/20
IDN,"Intellicheck Mobilisia",7.32,0.010000000000001,+0.14%,7.34,7.47,7.12,77700,07/31/20
IDT,"IDT Corp",6.51,0,0.00%,6.44,6.57,6.43,41100,07/31/20
IDYA,"Ideaya Biosciences Inc",12.61,1.31,+11.59%,11.32,12.7,10.9,221800,07/31/20
IESC,"Ies Holdings",23.83,-0.26,-1.08%,23.76,23.89,22.93,32100,07/31/20
IGMS,"Igm Biosciences Inc",50.26,0.32,+0.64%,50,51.84,46.55,159600,07/31/20
IGT,"International Game Technology",9.86,-0.2,-1.99%,9.9,9.97,9.57,1571400,07/31/20
IHC,"Independence Holding Company",33.06,1.07,+3.34%,31.85,33.49,31.85,18300,07/31/20
IHRT,"Iheartmedia Inc",8.36,-0.06,-0.71%,8.35,8.48,8,558900,07/31/20
III,"Information Svcs Group",2.05,-0.06,-2.84%,2.09,2.1,2.04,76000,07/31/20
IIIN,"Insteel Industries",18.64,-0.23,-1.22%,18.73,18.82,18.1,66600,07/31/20
IIIV,"I3 Verticals Inc Cl A",24.18,-1.33,-5.21%,25.58,25.86,22.9,344600,07/31/20
IIN,"Intricon Corp",10.8,-0.24,-2.17%,11,11,10.52,31900,07/31/20
IIPR,"Innovative Industrial Properties",104.23,-1.09,-1.03%,105.48,105.97,101.78,262900,07/31/20
IIVI,"I I V I Inc",50.72,1.57,+3.19%,49.81,50.91,48.18,1851500,07/31/20
ILPT,"Industrial Logistics Properties Trust",21.11,-0.2,-0.94%,21.21,21.34,20.7,346400,07/31/20
IMAX,"Imax Corp",11.29,-0.35,-3.01%,11.56,11.56,11.14,780900,07/31/20
IMGN,"Immunogen Inc",4.11,-0.26,-5.95%,4.53,4.53,3.93,2957400,07/31/20
IMKTA,"Ingles Markets Inc",40.25,-0.62,-1.52%,41,41.72,39.85,128500,07/31/20
IMMR,"Immersion Corp",6.75,0.0099999999999998,+0.15%,6.75,6.76,6.57,182700,07/31/20
IMRA,"Imara Inc",20.19,-0.039999999999999,-0.20%,20,20.38,20,13000,07/31/20
IMUX,"Immunic Inc",17.2,-0.28,-1.60%,17.49,17.81,16.86,355400,07/31/20
IMVT,"Immunovant Inc.",22.61,-0.1,-0.44%,22.84,23.24,22.14,373000,07/31/20
IMXI,"International Money Express Inc",13.48,0.09,+0.67%,13.45,13.54,13.16,95900,07/31/20
INBK,"First Internet Bcp",14.65,0.44,+3.10%,14.34,14.91,14.31,87400,07/31/20
INDB,"Independent Bk Corp",64.52,-1.08,-1.65%,65.14,65.39,62.75,135300,07/31/20
INFN,"Infinera Corp",7.89,-0.08,-1.00%,8.02,8.04,7.79,2131700,07/31/20
INFU,"Infusystems Holdings",12.21,-0.5,-3.93%,12.59,12.62,11.8,65700,07/31/20
INGN,"Inogen Inc",30.7,-1.82,-5.60%,32.32,32.96,30.14,391000,07/31/20
INN,"Summit Hotel Properties",5.18,-0.17,-3.18%,5.28,5.34,5.11,951200,07/31/20
INO,"Inovio Pharma",19.44,-1.29,-6.22%,20.68,21.02,19.29,18422500,07/31/20
INOV,"Inovalon Hlds Cm A",23.53,-0.67,-2.77%,24,24.01,22.99,740600,07/31/20
INS,"Intelligent Systems Corp",30.32,-0.31,-1.01%,31.27,31.38,30.01,30700,07/31/20
INSG,"Inseego Corp",13.48,0.26,+1.97%,13.5,13.8,13.05,3434600,07/31/20
INSM,"Insmed Inc",26.12,-0.92,-3.40%,26.91,27.17,25.85,676900,07/31/20
INSP,"Inspire Medical Systems Inc",99.36,-0.36,-0.36%,99.63,100.87,97.19,222800,07/31/20
INSW,"International Seaways Inc",17.27,-0.030000000000001,-0.17%,17.32,17.38,16.76,185800,07/31/20
INT,"World Fuel Services Corp",23.53,0.65,+2.84%,25.28,25.58,23.33,619000,07/31/20
INVA,"Innoviva Inc",13.54,-0.24,-1.74%,13.71,13.75,13.23,617600,07/31/20
IOSP,"Innospec Inc",75.17,-0.26000000000001,-0.34%,74.96,75.52,73,109500,07/31/20
IPAR,"Inter Parfums Inc",40.89,-0.76,-1.82%,41.34,41.78,40.55,135600,07/31/20
IPI,"Intrepid Potash Inc",0.9061,-0.0052,-0.57%,0.89,0.9169,0.8744,433300,07/31/20
IRBT,"Irobot Corp",72.69,-0.91,-1.24%,73.99,74.09,71.76,437400,07/31/20
IRDM,"Iridium Comm Inc",27.39,-0.3,-1.08%,27.5,27.5,26.48,933800,07/31/20
IRET,"Investors Real Estate Trust",72.3,0.049999999999997,+0.07%,71.87,72.85,70.55,171400,07/31/20
IRMD,"Iradimed Cp",22.28,-0.99,-4.25%,23.13,23.42,21.98,29300,07/31/20
IRT,"Independence Realty Trust Inc",11.5,0.06,+0.52%,11.36,11.5,11.16,1037200,07/31/20
IRTC,"Irhythm Technologies Inc",124.48,-3.42,-2.67%,127.78,129.66,121.75,204900,07/31/20
IRWD,"Ironwood Pharmaceuti",9.17,-0.25,-2.65%,9.41,9.44,8.71,4678600,07/31/20
ISBC,"Investors Bancorp",8.12,-0.39,-4.58%,8.45,8.49,8.04,3315600,07/31/20
ISEE,"Iveric Bio Inc",4.01,-0.23,-5.42%,4.24,4.31,3.97,942400,07/31/20
ISTR,"Investar Holding",13.33,-0.050000000000001,-0.37%,13.45,14.11,13.1,18200,07/31/20
ITCI,"Intra-Cellular Ther",19.82,-0.84,-4.07%,20.71,20.83,19.7,504000,07/31/20
ITGR,"Integer Holdings Corp",65.77,-2.48,-3.63%,67.5,67.87,64.55,297700,07/31/20
ITI,"Iteris Inc",4.64,-0.06,-1.28%,4.71,4.75,4.55,148000,07/31/20
ITIC,"Investors Title Company",115.08,-3.98,-3.34%,119.35,121.62,115.08,6400,07/31/20
ITRI,"Itron Inc",69.56,0.72,+1.05%,68.9,69.64,67.8,250900,07/31/20
IVAC,"Intevac Inc",5.92,-0.25,-4.05%,6.14,6.14,5.82,49800,07/31/20
IVC,"Invacare Corp",7.04,0.07,+1.00%,6.86,7.07,6.7,579300,07/31/20
IVR,"Invesco Mortgage Capital Inc",3.07,-0.11,-3.46%,3.18,3.21,3.01,8691900,07/31/20
JACK,"Jack IN The Box Inc",82.11,-0.45,-0.55%,80.85,82.29,80.29,414700,07/31/20
JBSS,"John B Sanfilippo",88.17,0.23999999999999,+0.27%,87.97,88.75,86.41,70700,07/31/20
JBT,"John Bean Technologies Corp",93.76,-0.67999999999999,-0.72%,93.32,93.91,89.99,217400,07/31/20
JCAP,"Jernigan Capital Inc",14.01,-0.029999999999999,-0.21%,13.94,14.02,13.57,114300,07/31/20
JCOM,"J2 Global Inc",56.72,0.52,+0.93%,56.21,56.74,55.44,646700,07/31/20
JELD,"Jeld-Wen Holding Inc",19.6,-0.4,-2.00%,20.1,20.22,19.49,961900,07/31/20
JJSF,"J J Snack Foods",123.13,1.07,+0.88%,121.04,123.28,120.69,121000,07/31/20
JNCE,"Jounce Therapeutics Inc",4.58,-0.38,-7.66%,5,5.1,4.51,153000,07/31/20
JOE,"St. Joe Company",20.61,-0.42,-2.00%,20.86,20.86,20.09,158900,07/31/20
JOUT,"Johnson Outdoors",87.56,-5.97,-6.38%,80.62,87.97,80.55,109100,07/31/20
JRVR,"James River Gp HD",46.32,-0.53,-1.13%,46.75,46.89,45.41,232200,07/31/20
JYNT,"The Joint Corp",14.44,0.14,+0.98%,14.14,14.63,14.07,80200,07/31/20
KAI,"Kadant Inc",108.51,-1.62,-1.47%,109.53,109.53,106.12,59400,07/31/20
KALA,"Kala Pharmaceuticals Inc",8.75,-0.11,-1.24%,9,9.3,8.7,773000,07/31/20
KALU,"Kaiser Aluminum",61.95,-1.4,-2.21%,63.1,63.1,61.41,108100,07/31/20
KALV,"Kalvista Pharmaceuticals Inc",9.83,-0.26,-2.58%,10.1,10.1,9.62,80000,07/31/20
KAMN,"Kaman Corp",39.49,-0.44,-1.10%,39.48,39.52,38.26,170000,07/31/20
KAR,"Kar Auction Services Inc",15.13,0.2,+1.34%,14.94,15.16,14.64,2011400,07/31/20
KBAL,"Kimball Intl Cl B",10.94,-0.13,-1.17%,10.94,10.98,10.4,215800,07/31/20
KBH,"KB Home",33.64,-0.26,-0.77%,33.66,33.89,32.79,1428500,07/31/20
KBR,"KBR Inc",22.24,-0.15,-0.67%,22.23,22.26,21.21,1567500,07/31/20
KDMN,"Kadmon Holdings Llc",3.66,-0.04,-1.08%,3.68,3.76,3.58,2576600,07/31/20
KE,"Kimball Electrnc",13.28,-0.11,-0.82%,13.29,13.34,12.94,87300,07/31/20
KELYA,"Kelly Svcs Cl A",14.81,-0.41,-2.69%,15.08,15.18,14.5,126100,07/31/20
